country,founded,id,industry,linkedin_url,locality,name,region,size,website
united kingdom,2013,7Kwaqspt0nMQiBkmDTSkuw9kjHbY,construction,linkedin.com/company/creative-spaces---landscape-gardening-&-property-maintenance,halifax,creative spaces - landscape gardening & property maintenance,england,1-10,creativespacesuk.co.uk
united kingdom,,m74AeVBNZ7WpLzxGmYepNw6deM90,construction,linkedin.com/company/ladera-retreat-&-spa-limited,bollington,ladera retreat & spa limited,england,1-10,laderaretreat.com
united kingdom,,jkFOSVhlYWqs6jX9bHGNWQ2iNqKQ,construction,linkedin.com/company/hodge-installations-limited,chichester,hodge installations limited,england,1-10,
united kingdom,,IKkmUzo9XrYiukqBEzQjLAuSOu8D,construction,linkedin.com/company/m-&-a-construction-lanarkshire-ltd,east kilbride,m & a construction ( lanarkshire ) ltd,scotland,1-10,
united kingdom,,gRkQ6R4xP3O4LZuDBPAr6w98h52j,construction,linkedin.com/company/polished-concrete-and-stone,mold,polished concrete and stone,wales,1-10,polishedconcreteandstone.com
united kingdom,2017,VduGZkmXrAQWot2CLQBzXwmliJpM,construction,linkedin.com/company/glan-cymru-limited,llantrisant,glan cymru limited - road sweeper hire,wales,1-10,glancymru.co.uk
united kingdom,2012,AETNlaSIBVBO8C9yDlr4RQnQI76e,construction,linkedin.com/company/vittal-safety-solutions-ltd,hastings,vital safety solutions ltd,england,1-10,vitalsafetysolutions.co.uk
united kingdom,2018,SCJoC3Xo1c6JMT5zoVVs5g4yabtk,construction,linkedin.com/company/amh-hire,goole,amh hire,england,1-10,amhhire.co.uk
united kingdom,,ZG75Pq7ZCRBlne2bz3BbrA4LAvXF,construction,linkedin.com/company/complete-fire-maintenance-limited,paignton,complete fire maintenance limited,england,1-10,
united kingdom,,ZPND2Mk4N8agPIOGexHsaQZwHC9C,construction,linkedin.com/company/g&s-builders-nw-ltd,lancashire,g&s builders (nw) ltd,england,1-10,
united kingdom,,BKAjsvDrjvQPhON6DcZW7ATKbioe,construction,linkedin.com/company/e-t-electricals-limited,oxted,e t electricals limited,england,1-10,etelectricals.co.uk
united kingdom,2017,nAdBwvCmT2hEbVoBCCprogsCRqFU,construction,linkedin.com/company/house-renovation-london,london,house renovation london,england,11-50,house-renovation.co.uk
united kingdom,,f4r99YQZRMx9iFuYgemrJAxz7fGE,construction,linkedin.com/company/i-thorlby-&-son-limited,worksop,i thorlby & son limited,england,1-10,
united kingdom,1999,AZgf3jPduKCRTH1ENBb4BAO2xn6Z,construction,linkedin.com/company/london-maintenance-company-limited,london,london maintenance company limited,england,1-10,
united kingdom,,VuBZSUKQCwCq7tp8pEMhHAswdfO2,construction,linkedin.com/company/newbould-guardians-ltd,tarrant hinton,newbould guardians ltd,england,1-10,
united kingdom,,2giJYHLWwyPdq36Kwdf1owPH8DNq,construction,linkedin.com/company/burns-joinery,glasgow,burns joinery,scotland,1-10,burnsjoinery.co.uk
united kingdom,,Bqqyooc7FJEZ4mYIA9q7jQcW13xU,construction,linkedin.com/company/london-gas-inspections,london,london gas inspections,england,1-10,londongasinspections.com
united kingdom,,YMQKBnBvtmAjVukCkyjsfQTk9wis,construction,linkedin.com/company/keith-evans-developments-limited,worthing,keith evans developments limited,england,1-10,
united kingdom,,etPSV1XmBIKf0JcPveCedQwqN04e,construction,linkedin.com/company/grant-&-anderson-limited,rothes,grant & anderson limited,scotland,1-10,
united kingdom,1976,TWw3boG8dMbNYairrCzVSg2Uu6Aj,construction,linkedin.com/company/graffiti-design-international-ltd,uckfield,graffiti design ltd,england,11-50,
united kingdom,2018,sYjFQhIKy1YLouDpFTZwzw35W7gS,construction,linkedin.com/company/controlled-flow-ltd,westbury on severn,controlled flow ltd,england,1-10,controlled-flow.com
united kingdom,,ET1dOqP0fvMulGBzPgB0dQZCa5p2,construction,linkedin.com/company/wilson-pipelines-limited,preston,wilson pipelines limited,england,1-10,
united kingdom,2012,AB0yuWCWJV1dm1ckKomCTAwk5f3M,construction,linkedin.com/company/rock-solid-builders-uk,bradford,rock solid builders uk,england,1-10,rocksolidbuilders.co.uk
united kingdom,,T7paMkMKegtbdRSWgvdWjQnWUBSy,construction,linkedin.com/company/mirica-ltd,london,mirica ltd,england,1-10,
united kingdom,2012,BxC2oID0mJdxhDMDIFyj3wsA3CjQ,construction,linkedin.com/company/cb-services-group,london,cb services group,england,11-50,cbservicesgroup.co.uk
united kingdom,1984,IfBpz61ppHmpRtxyG23duARszlYY,construction,linkedin.com/company/hawthorne-forest-products-ltd,london,hawthorne forest products ltd,england,11-50,
united kingdom,2014,4mNT6dVUJXxL16ptxpkJBgtV7um2,construction,linkedin.com/company/artius-interiors-limited,dartford,artius interiors limited,england,11-50,artiusinteriors.co.uk
united kingdom,,bZCcxPn5DbGYGh7KH3ci9wfQX7VZ,construction,linkedin.com/company/rock-civil-engineering-limited,nottingham,rock civil engineering limited,england,1-10,rockcivils.com
united kingdom,,w5jp4NwCM1NEIDXHCPv7PA8ZL5D1,construction,linkedin.com/company/ksm-plumbing-and-property-services-limited,warrington,ksm plumbing and property services limited,england,1001-5000,
united kingdom,,qhBdptcgu1g1Mxg0KpyqkQT9m8zd,construction,linkedin.com/company/lineport-scaffolding-services-limited,ramsgate,lineport scaffolding services limited,england,1-10,
united kingdom,2008,exU86SqIGeJYJnn5Wg1tGAIFJFzU,construction,linkedin.com/company/lj-contracts-ltd,sittingbourne,lj contracts ltd,england,1-10,
united kingdom,,6CBxCU76ASvXGDjPhFSCiwpGHRVv,construction,linkedin.com/company/platon-interiors-limited,london,platon interiors limited,england,1-10,platoninteriors.co.uk
united kingdom,,V8zNlMY7CyCvKfPq0fZmvAcLQco5,construction,linkedin.com/company/stockton-heath-industrial-roofing-limited,warrington,stockton heath industrial roofing limited,england,1-10,
united kingdom,,TdtTCMLCOQA42zuzxkNpnQI3ZITf,construction,linkedin.com/company/leightons-lofts-limited,dorset,leightons lofts limited,england,1-10,
united kingdom,2008,Vo0ddoXClRGp8xHaSkuMmQvpaPVl,construction,linkedin.com/company/sm-welding-inspection-services-limited,scunthorpe,sm welding inspection services limited,england,1-10,
united kingdom,2019,TmHNdyirPpxpUQnhBgnfZAtEcpkv,construction,linkedin.com/company/footings-to-lofts,london,footings to lofts,england,1-10,footingstolofts.com
united kingdom,2020,jJOCMGGTzjzTXBf7tyysrAsfcmq1,construction,linkedin.com/company/titanium-drainage-plumbing,skegness,titanium water utilities,england,1-10,titaniumdrainageandplumbing.co.uk
united kingdom,1986,BvXmHWkUtdDATskzQCjGTgLtQDzr,construction,linkedin.com/company/optima-products,high wycombe,optima systems,england,201-500,optimasystems.com
united kingdom,,hyEs2yCfFbSYHlXlP00Wqg25e0k7,construction,linkedin.com/company/aim-flooring,salisbury,aim flooring,england,1-10,aim-flooring.com
united kingdom,,ZRfUJm5y0meziBuicvI4cwVAXhNC,construction,linkedin.com/company/dolans-home-improvements,durham,dolan's home improvements,england,1-10,drivewaysdurham.com
united kingdom,,4DAUDKyggzCDWC7Of75DAA4k5uql,construction,linkedin.com/company/aji-property-limited,london,aji property limited,england,1-10,ajiproperties.com
united kingdom,,x4UPhci92LF26MuG0N2mWg8bftir,construction,linkedin.com/company/premiertek-engineering-limited,chatham,premiertek engineering limited,england,1-10,
united kingdom,1970,WPgQ2Yxqz3Kc5dzoh9U79QAQSoiy,construction,linkedin.com/company/kpmg-hpr,london,kpmg-hpr,england,1-10,
united kingdom,2019,80NdhM9ebvV7nWFGI4XoQwarkuxA,construction,linkedin.com/company/optima-os,london,optima offsite ltd,england,1-10,optima-os.co.uk
united kingdom,,XfsUYuiSHi8ngg6hSoqcOw2iasQ4,construction,linkedin.com/company/kde-construction-ltd,london,kde construction ltd,england,1-10,
united kingdom,,uYMZF9K7pIXVi1WChO9CHgVdEWrp,construction,linkedin.com/company/d.a.-gilmour-limited,airth,d.a. gilmour limited,scotland,1-10,
united kingdom,,OeEHIvFJkSRku2S5jgG4EwnBtWqe,construction,linkedin.com/company/droitwich-fabrication-ltd,droitwich,droitwich fabrication & installation ltd,england,11-50,droitwichfabrication.co.uk
united kingdom,,HlXBj6zNm9PIRqeA44eT8g6BYWu2,construction,linkedin.com/company/road-surfacing,birmingham,road surfacing,england,1-10,durolas.co.uk
united kingdom,,qD2ndaJeve5oBtUVP5wq9gO81tmf,construction,linkedin.com/company/ty-drywall-ltd,london,ty drywall ltd,england,1-10,
united kingdom,,L4l97Yhqp6TYl14ZBXQRWgFb2CqA,construction,linkedin.com/company/andrew-mclaren-surveying-ltd,ashton,andrew mclaren surveying ltd,england,1-10,
united kingdom,,qlMhZIiq0xmFFCNAlWq9xgZG1Cgo,construction,linkedin.com/company/p.s.n.-groundworks-limited,stoke-on-trent,p.s.n. groundworks limited,england,1-10,
united kingdom,,WatNB7XqI8QeUaWRRiy4FQqO1Tbt,construction,linkedin.com/company/inner-project-limited,london,inner project limited,england,11-50,innerprojectltd.co.uk
united kingdom,,ACZMyix0Abi1CGiUJTz3Nwvt9IvR,construction,linkedin.com/company/rodgers-construction-limited,bryansford,rodgers construction limited,northern ireland,1-10,rodgersconstructionltd.com
united kingdom,,9TEVUFbv3qJNgCShXVYNlACbZxB1,construction,linkedin.com/company/howes-developments-limited,gorleston-on-sea,howes developments limited,england,1-10,
united kingdom,,oFcTBoEItKmnuuqe4IHmJwnOqftu,construction,linkedin.com/company/jlb-decorating,royal tunbridge wells,jlb decorating,england,1-10,jlb-decorating.com
united kingdom,,ND78ZRZ1mwaMoGO1xp0tOwB9QPqB,construction,linkedin.com/company/advanced-fire-technologies-limited,london,advanced fire technologies limited,england,1-10,advancedfiretech.co.uk
united kingdom,,DqifCnaFaA3xXomdiV7PAA730Sxq,construction,linkedin.com/company/portico-limited,sevenoaks,portico limited,england,1-10,
united kingdom,2009,jAJ9vEmKQv1QzrDt0O7eOwU7r0i7,construction,linkedin.com/company/kidderminster-properties-limited,london,kidderminster properties limited,england,1-10,
united kingdom,,wejB4jXEao3K0FqZ5taMNAteOHLK,construction,linkedin.com/company/acacia-buildings-ltd,lytchett matravers,acacia buildings ltd,england,1-10,acaciabuildings.co.uk
united kingdom,,QaT897W2HReMhd06XFemlw3cBrpp,construction,linkedin.com/company/stevens-paving-limited,thundersley and south benfleet,stevens paving limited,england,1-10,
united kingdom,,DyLt2RfGJTxGnCOLxkvqjwrukoBj,construction,linkedin.com/company/highfields-land-ltd,peterborough,highfields land ltd,england,1-10,
united kingdom,,ZB8YLx6JIVceDBBuP1LHNQ3uxNve,construction,linkedin.com/company/lgs-removals-ltd,snarford,lgs removals ltd,england,11-50,lgs-removals-ltd.business.site
united kingdom,,oRoCFeGsSRM84UCqUiCFfgfAVet1,construction,linkedin.com/company/incisive-letterwork-limited,chalfont st. peter,incisive letterwork limited,england,1-10,
united kingdom,2015,6X7NF5aL36XWlz2fz41chAauSxl2,construction,linkedin.com/company/t-m-fencing-hoarding-services-limited,newington,t.m fencing & hoarding services limited,england,1-10,
united kingdom,2013,CcATLx6kIjShIW9F9OGoqQKEETYu,construction,linkedin.com/company/om-heating-contractors-ltd,birmingham,om heating contractors ltd,england,1-10,
united kingdom,,45gkCRLVCZQpVRqDmvuhhQRUbDAd,construction,linkedin.com/company/carpets-and-flooring,bristol,carpets and flooring,england,1-10,redlioncarpets-bristol.co.uk
united kingdom,,DuBNDmCFTTmksubCPxJ6XQFpyfPL,construction,linkedin.com/company/griffin-electrical-contractors-limited,southend,griffin electrical contractors limited,england,1-10,griffin-electrical.co.uk
united kingdom,,HuwvnjkQz4P5WulnG9WHFQdpXMya,construction,linkedin.com/company/roebridgefoods,southampton,roebridgefoods,england,1-10,roebridgefoods.co.uk
united kingdom,,0Jc4lBLNWvAGtGNsnyjF4AnSQ8QG,construction,linkedin.com/company/b-&-b-building-contractors-limited,ely,b & b building contractors limited,england,1-10,
united kingdom,,82DnMuV6X8YMCNI8bZHLsAThsNam,construction,linkedin.com/company/sonny-installations-ltd,chorley,sonny installations ltd,england,1-10,sonnyinstallations.co.uk
united kingdom,,2AWQDeyCMwjAB7jdCoak9QsfYZOT,construction,linkedin.com/company/gh-electrical-services-south-west-ltd,trowbridge,gh electrical services (south west) ltd,england,1-10,
united kingdom,,tM44CmKLZhChbirxwKLCqAaFVp1M,construction,linkedin.com/company/pd-decorators,bolton,pd decorators,england,1-10,pddecorators.co.uk
united kingdom,,JWA0hjBCnufKIrV6WCXRCwzXpCU0,construction,linkedin.com/company/berkeley-heating-services-ltd,london,berkeley heating services ltd,england,1-10,berkeleyheating.co.uk
united kingdom,2012,VaCBLhyN1UbMuICeTY145wN1OH9m,construction,linkedin.com/company/jmb-building-&-decorating-services-ltd,london,jmb building & decorating services ltd,england,1-10,
united kingdom,2021,MQvi0ZIIzXBXxxDcB6csNgBC8qht,construction,linkedin.com/company/parthenon-construction-consultancy-ltd,london,parthenon construction & consultancy ltd,england,1-10,parthenonengineering.com
united kingdom,,s4OBOssbaKZq8ZRnBtscZghDXWfd,construction,linkedin.com/company/glr-electrical-ltd,bexleyheath,glr electrical ltd,england,1-10,
united kingdom,,HgpJuBl1jT71YiCOmh7D5AferkA0,construction,linkedin.com/company/netlink-limited,loughton,netlink limited,england,1-10,
united kingdom,2015,Db0k4Yo6uhwJjo0iueAMwwjjUmfD,construction,linkedin.com/company/mcgregor-design-and-build-limited,hindhead,mcgregor design & build limited,england,11-50,mcgregors.co.uk
united kingdom,,7kW7k4EU9gWABaboB2s5UgjD9SrO,construction,linkedin.com/company/n-a-wood-limited,alford,n a wood limited,england,1-10,
united kingdom,,r0p0Uhn0pYJKLyPIBasxVw53wICa,construction,linkedin.com/company/enhance-properties-limited,edinburgh,enhance (properties) limited,scotland,1-10,
united kingdom,2012,JkduS2jwQJ4pof3SxV6xggQFqNU9,construction,linkedin.com/company/mount-pleasant-building-services-ltd,hertford,mount pleasant building services ltd,england,1-10,mp-bs.com
united kingdom,2019,PCpVMcC20JiTqeJYhEhkWgBtHdKX,construction,linkedin.com/company/eva-timber,london,eva timber,england,1-10,evatimber.com
united kingdom,,rvrvW7dl41kvy6cdMABbFgsdW6CU,construction,linkedin.com/company/kilnburn-developments-limited,newport-on-tay,kilnburn developments limited,scotland,1-10,
united kingdom,2012,CGjCN6PPq4FB3cQzAwft6QzsoK4Q,construction,linkedin.com/company/pearl-professional-services,redbourn,pearl professional services,england,1-10,pearlps.co.uk
united kingdom,,CPwgkqOh9qsHnpq8ZJSRngYeB7ZG,construction,linkedin.com/company/marc-constructions-ltd,essex,marc constructions ltd,england,1-10,
united kingdom,,gAeDCRNcHq7XPqIXJ7wbWwa5BmV1,construction,linkedin.com/company/d&l-interiors-ltd,maldon,d&l interiors ltd,england,1-10,
united kingdom,,W7agByVSx3NHCrdRqCYYEwXek8IA,construction,linkedin.com/company/d-b-builders-maida-vale,london,d & b builders maida vale,england,11-50,buildersmaidavale.co.uk
united kingdom,,L6VmUrqMS3ClH4cENGZs8QOxfjsY,construction,linkedin.com/company/smart-build-services-development-ltd,northampton,smart build services & development ltd,england,11-50,smartbuildservices.co.uk
united kingdom,,r3SfXlUP0UBTm0vzE9RXdAkFj7lF,construction,linkedin.com/company/tim-warren-setbuilding-limited,london,tim warren setbuilding limited,england,1-10,
united kingdom,,PvFzxEGQ0zhI9LRl7mC0oQ3BKZSL,construction,linkedin.com/company/milburn-concrete,cookstown,milburn concrete,northern ireland,1-10,milburnconcrete.com
united kingdom,,vHEP0ucp3BUL1GCPajP1iwWiAXxf,construction,linkedin.com/company/birmingham-building-and-roofing-contractors-limited,solihull,birmingham building and roofing contractors limited,england,1-10,
united kingdom,2011,7eoPWuxfLdxHyUY1YamOPwxz3ZlS,construction,linkedin.com/company/controflow,london,controflow,england,1-10,controflow.com
united kingdom,,51TrAD0hybIEvfnMicSAPgfKhvjt,construction,linkedin.com/company/thegratingcompany,,the grating company,,11-50,
united kingdom,1897,q1i0kNBfhFWuFa7z74nAAwwiFOsI,construction,linkedin.com/company/yorkbuildfed,east riding of yorkshire,yorkshire builders federation,england,1-10,yorkshirebuildersfederation.co.uk
united kingdom,,FBRoIyCXIk0URnSBhUt6KQVM4EuP,construction,linkedin.com/company/b-g-d-holdings-limited,london,b g d holdings limited,england,1-10,
united kingdom,,KbNlwZzFKGy2SnMwCSzCVgGcRDlM,construction,linkedin.com/company/classact-limited,south ockendon,classact limited,england,1-10,classactlimited.com
united kingdom,,vFKK3iBxvLVzTMmNeYuX9gjfQl3r,construction,linkedin.com/company/claybury-brickwork,bury,claybury brickwork,england,1-10,clayburybrickwork.co.uk
united kingdom,,Ucw1KFUKgBibPIorEZdBNAumuvv2,construction,linkedin.com/company/ccs-contracting-limited,ledbury,ccs contracting limited,england,1-10,
united kingdom,,JqAzZ9ffSYUU9R6YEzRPRAaJWmGQ,construction,linkedin.com/company/d-doherty-roofing-services-ltd,caterham,d doherty roofing services ltd,england,1-10,
united kingdom,,ybcXIVGWVxAVkkebhR7r6QrvcFKR,construction,linkedin.com/company/chelsfield-consulting-limited,chelsfield,chelsfield consulting limited,england,1-10,
united kingdom,,9iv0HQSVEmrRQfw0s8lroQAeC8zj,construction,linkedin.com/company/grand-parkett,liverpool,grand parkett,england,1-10,
united kingdom,,X1oLCacq01x0NjCpfU6qSwIxKDVD,construction,linkedin.com/company/k-&-j-contracts-limited,lee-on-the-solent,k & j contracts limited,england,1-10,
united kingdom,,HSTC6B4d7ALU8DLz4HHYRQ3pCDI5,construction,linkedin.com/company/hnd-construction-limited,london,hnd construction limited,england,1-10,
united kingdom,,X6Hmc74xYCyBZvKpeBtMtgwToh6G,construction,linkedin.com/company/mjctc-limited,cambridge,mjctc limited,england,1-10,
united kingdom,2020,cUsS5KQdgsBcWZBOrVcGbQCYVORW,construction,linkedin.com/company/buckinham-electrical-ltd,leicester,buckingham electrical ltd,england,1-10,buckinghamelectrical.co.uk
united kingdom,2010,xDvDUq9BkTnATVGIm7p8kAq8663T,construction,linkedin.com/company/aeon-green-limited,london,aeon green limited,england,1-10,aeongreen.com
united kingdom,2014,2aOBWBDs7zYGZ20rECYz0QoWEtpu,construction,linkedin.com/company/ss-city-plumbing-limited,basildon,ss city plumbing limited,england,1-10,
united kingdom,,LwiZedgaiPavIpBGe42TpQiKCalw,construction,linkedin.com/company/s-w-williams-construction-ltd,london,s w williams (construction) ltd,england,1-10,
united kingdom,,TGnB7iE5w5fBCsNCEmeakg48akaW,construction,linkedin.com/company/smith&chambersbespokejoinery,lutterworth,smith & chambers bespoke joinery,england,11-50,
united kingdom,,10RgFQWNm79im6iedQXB9QDxAzb9,construction,linkedin.com/company/g-&-m-turley-ltd,newry,g & m turley ltd,northern ireland,1-10,
united kingdom,,JBtv2jCVjoNGRjjtLpC7kwpf5ucc,construction,linkedin.com/company/fp-interiors-ltd,london,fp interiors ltd,england,1-10,
united kingdom,,sCMHo5PackRft3a3VVc7Ag2nLiKb,construction,linkedin.com/company/idsglas-ltd,milton keynes,idsglas ltd,england,1-10,idsglas.com
united kingdom,,naaauL8lyC5a4GJMfrUWAAbuD2Di,construction,linkedin.com/company/wellcare-construction-ltd.,liverpool,wellcare construction ltd.,england,1-10,
united kingdom,,OY2nB3aV0fPZv85cEP8pzQXGlpfU,construction,linkedin.com/company/t-costello-building-services-limited,london,t costello building services limited,england,1-10,
united kingdom,2016,T5gtF77afdaZere8FQHcUgYO30dn,construction,linkedin.com/company/nas-construction-&-development-limited,london,nas construction & development limited,england,1-10,nasconstruction.co.uk
united kingdom,,ZSRSENAEqE2Obf3QDCPd9QNNkwpj,construction,linkedin.com/company/hello-construction-ltd,devon,hello construction ltd,england,1-10,
united kingdom,,yuvs6mpxnFbxj2PARJaF9wWNklhk,construction,linkedin.com/company/tony-baxter-decorating-limited,london,tony baxter decorating limited,england,1-10,
united kingdom,,5B4djb9vhFmfGRgBrBNm6AnSIKWF,construction,linkedin.com/company/ljc-moffat-plant-hire-ltd,moffat,ljc moffat plant hire ltd,scotland,1-10,
united kingdom,2014,O6uGYQKrkdQWT7B5912ezg38Nyv4,construction,linkedin.com/company/blue-oak-services,london,blue oak services,england,11-50,blueoakservices.yolasite.com
united kingdom,,lLY637P9xlhAK29abV0rDA4PiijB,construction,linkedin.com/company/long-eaton-glass-limited,long eaton,long eaton glass limited,england,11-50,
united kingdom,,LixpaFCbCBzejjWlq9afdwbF6oBD,construction,linkedin.com/company/m-b-property-maintenance-midlands-limited,kettering,m b property maintenance (midlands) limited,england,1-10,
united kingdom,,bT9bXklCpBXXxXkrJWy9CAzmnTLl,construction,linkedin.com/company/r-&-r-plumbing-ltd,bournemouth,r & r plumbing ltd,england,1-10,
united kingdom,,nD3saJy4THxtPO0cE0R3eA0zdehe,construction,linkedin.com/company/handyman-services-liverpool-ltd,chester,handyman services (liverpool) ltd,england,1-10,
united kingdom,2013,VEuqV4SoqJAi0tAZsWgDnQsCKTWI,construction,linkedin.com/company/markyate-windows&doors-ltd,markyate,markyate windows&doors ltd,england,1-10,
united kingdom,,hWWPKMILiTVn5Zv3kUuEkAXxzXkc,construction,linkedin.com/company/sirius-construction-limited,rochford,sirius construction limited,england,1-10,siriusconstruction.ie
united kingdom,,xCsIs1TpmIctQQhFMCUBMwbhfWWP,construction,linkedin.com/company/s-&-d-property-management-limited,london,s & d property management limited,england,1-10,
united kingdom,,SYP5sQNJBaZhyrxQ92mSOwjUFbsz,construction,linkedin.com/company/adamc-limited,tynemouth,adamc limited,england,1-10,
united kingdom,,qHtBzBoV16B135f3VYWipQupG3GV,construction,linkedin.com/company/gaskell-property-ltd,ashton in makerfield,gaskell property ltd,england,1-10,
united kingdom,,kqC5nz5g4JrTsx2OKxNGZwl5wrhj,construction,linkedin.com/company/jel-roofing-limited,glasgow,jel roofing limited,scotland,11-50,jelroofing.com
united kingdom,,zxNKpxWb7y6WrPoGDRBkyArrlIif,construction,linkedin.com/company/electrician-self-employed,,electrician,,1-10,
united kingdom,2016,mhfCiBEQOWTWvcqpntsCoAoLriPa,construction,linkedin.com/company/ready-mix-specialists-ltd,london,ready mix specialists ltd,england,11-50,rmsconcrete.co.uk
united kingdom,,ADv5vWclBunpeDdz6lKSXgSKP8vS,construction,linkedin.com/company/electom,london,electom,england,1-10,electom.com
united kingdom,2009,LUN7k4y8x4ITBHLwB7lAMAC2bcHy,construction,linkedin.com/company/jayvee-building-services,stockton-on-tees,jayvee building services,england,1-10,jayveebs.com
united kingdom,2005,D8M36EBuvrQKzPgrT8CzjgJn1CHN,construction,linkedin.com/company/bsl-systems-ltd,birkenhead,bsl systems ltd,england,11-50,bslsystemsltd.co.uk
united kingdom,2014,wj5u0MCZI8C00rUiTwB5swaASlis,construction,linkedin.com/company/simply-floor-care-ltd,london,simply floor care ltd,england,1-10,simplyfloorcare.com
united kingdom,2019,IZHnOljFv5u1ZF8zgqL1fQ8q3B37,construction,linkedin.com/company/tvesolutions,coventry,t&v engineering solutions ltd,england,1-10,tvesolutions.com
united kingdom,,Lp1s5DrL870ItDVKTBX1BwcQvRMm,construction,linkedin.com/company/design-kitchens,poole,design kitchens,england,1-10,designkitchensandbedrooms.com
united kingdom,,jMJ4JckJS7IUwVJ7Bp9AKAyBOUkT,construction,linkedin.com/company/perfect-plumbing-limited,saint albans,perfect plumbing limited,england,1-10,
united kingdom,2011,LKjtfhFdJsGGKFMiwrxxeQ3fyJAI,construction,linkedin.com/company/adm-regeneration,manchester,adm regeneration,england,11-50,admregen.co.uk
united kingdom,2019,XNG22BLvEWSMe79RNF8qxQ1SnpXA,construction,linkedin.com/company/brownbuildersuk,gravesend,brownbuildersuk,england,1-10,brownbuildersuk.co.uk
united kingdom,2013,W9jFlwQVaDGB4VMYVpwWow9xYujy,construction,linkedin.com/company/ec&i-project-engineering-ltd,bromborough,ec&i project engineering ltd,england,1-10,
united kingdom,,bldVyHa6okk7pcfKrqE0WAqHS6ra,construction,linkedin.com/company/gap-building-solutions-limited,london,gap building solutions limited,england,1-10,
united kingdom,,6zzPixkyEQwCP7Cgbni3xQuBdi0m,construction,linkedin.com/company/jason-taylor-decorating,leicester,jason taylor decorating,england,1-10,jason-taylor.eu
united kingdom,2017,51RPsD0CY8Lx5kfMzpnCZAW38xeU,construction,linkedin.com/company/dwellings4u-limited,king’s lynn,dwellings4u limited,england,1-10,dwellings4u.co.uk
united kingdom,1984,vqzUpnBEbkFHdWcIbTVLJASQ1Z4X,construction,linkedin.com/company/cbre-managed-services-limited,london,cbre managed services limited,england,1-10,
united kingdom,,tgBj3tUGpSNIBPTd5rxSfgVshmUS,construction,linkedin.com/company/a-e-howlett,chipping ongar,a e howlett,england,1-10,
united kingdom,,lCe2WxlXqTKeMbzGwjfdaANrx7Qd,construction,linkedin.com/company/wollaton-house-day-nursery-llp,bramcote,wollaton house day nursery llp,england,1-10,wollatonhouse.com
united kingdom,,iJLo8nXUQEwalHRGBj2jjgLf3yRP,construction,linkedin.com/company/construction-&-maintenance-company-ltd,tonyrefail,construction & maintenance company ltd,wales,1-10,
united kingdom,,Wj8ncyur5RQk50t8zqu0WQbCNtgw,construction,linkedin.com/company/spg-mechanical-services,derry,spg mechanical services,northern ireland,1-10,
united kingdom,,WpJekOfUuzOsXW7Y49uNmAbE7UkZ,construction,linkedin.com/company/mjb-contracts-ltd,blandford forum,mjb contracts ltd,england,1-10,
united kingdom,,GCvYpfI7vBZ58yPjgwXtRQmOyWb3,construction,linkedin.com/company/washington-st.-limited,charles,washington st. limited,england,1-10,
united kingdom,,perKCfADpoyLbfGertbxAwYYwPno,construction,linkedin.com/company/roland-fire-&-acoustic-doorsets,liverpool,roland fire & acoustic doorsets,england,1-10,rolandoorsets.co.uk
united kingdom,2011,YBz3tZoTEkIk4Kc6BDMjEgWH2PsF,construction,linkedin.com/company/shock-electrical-services-limited,doncaster,shock electrical services limited,england,1-10,
united kingdom,,zshsdFWuD3doV2MuXBQ0OA1eS2Aq,construction,linkedin.com/company/o'brien-civil-engineering-&-groundwork-contractors-ltd,manchester,o'brien civil engineering & groundwork contractors ltd,england,1-10,
united kingdom,,8iRv92aei52M9FySkqd1LQJy0K8n,construction,linkedin.com/company/prime-construction-consultants-limited,maidstone,prime construction consultants ltd,england,11-50,primegroupltd.co.uk
united kingdom,,WhqAbxTemYXdFEbCIvupCAtOt6u7,construction,linkedin.com/company/wood-flooring-solutions-limited,locks heath,wood flooring solutions limited,england,1-10,
united kingdom,2001,BlIYZHxGIGXGtmsTEW0gjwcbfvJi,construction,linkedin.com/company/raymond-crane-hire-limited,london,raymond crane hire limited,england,11-50,raymondcranehire.co.uk
united kingdom,2013,KntmBfZaecguX0obaEcIkQCRtKvV,construction,linkedin.com/company/sld-construction-york-ltd,york,sld construction york ltd,england,1-10,
united kingdom,2009,Cmst4ujqxkCjrIT0qoTCgw1tVUBn,construction,linkedin.com/company/all-inside-limited,london,all inside limited,england,1-10,
united kingdom,,7MtAH0MkWl6cehZ0x6MEqwyYGA7r,construction,linkedin.com/company/sphere-constructions-ltd,waltham abbey,sphere constructions ltd,england,1-10,sphere-constructions.co.uk
united kingdom,,IdanDp92LX30qqPMBYqTQwX6SWL3,construction,linkedin.com/company/bobby's-interiors-ltd,london,bobby's interiors ltd,england,1-10,
united kingdom,,ovPB4Mi86BZE2BrpGl3BdAb0xE10,construction,linkedin.com/company/sar-joinery,lincoln,sar joinery,england,1-10,sarjoinery.co.uk
united kingdom,,CCAl8BOBIgyfeuLPpFB4gQFT8kq6,construction,linkedin.com/company/acb-building-and-electrical-services-ltd.,highworth,acb building and electrical services ltd.,england,1-10,
united kingdom,,Lbxvtk0UOQjuJ2kBP7uOZg2ePt3U,construction,linkedin.com/company/jack-driver-ltd,rugby,jack driver ltd,england,1-10,
united kingdom,,Z0oRFoN4puXK3jXBqv3lmAL9EvcO,construction,linkedin.com/company/dlb-construction-consultancy-limited,derby,dlb construction consultancy limited,england,1-10,
united kingdom,,QBFATDDxdTpz8VIVhMCVAQrzvRBl,construction,linkedin.com/company/sowerby-bridge-fire-and-water-ltd,london,sowerby bridge fire and water ltd,england,1-10,
united kingdom,2010,Y564TFTCZGyBHpCbBcQJfwafyTvD,construction,linkedin.com/company/sage-developments-sw-limited,bath,sage developments (sw) limited,england,1-10,
united kingdom,,GwhDPWfewMjHkrE38v52sQpsfDfD,construction,linkedin.com/company/seabridge-developments-limited,cannock,seabridge developments limited,england,1-10,
united kingdom,,7Cgc7i4ZCx2UUUZdWtE8BwAcgyha,construction,linkedin.com/company/r-m-v-plumbing-&-heating-limited,bedford,r m v plumbing & heating limited,england,1-10,
united kingdom,,kEfzLMvbrxreCKbpoz12BwMOR4N6,construction,linkedin.com/company/psb-mechanical-services-ltd,luton,psb mechanical services ltd,england,1-10,psbmechanical.co.uk
united kingdom,,fVeYbDj48m1C5aAXieNElQ15SDjz,construction,linkedin.com/company/mcmahon-roofing-&-sons-ltd,belfast,mcmahon roofing & sons ltd,northern ireland,1-10,
united kingdom,,jZgeVXYH5rnBTX6UtchsLwj14kPv,construction,linkedin.com/company/scm-building-contractors-limited,hartfield,scm building contractors limited,england,1-10,scmbuildingcontractors.com
united kingdom,,HGHwkZpeN1rl1aaewO17bwRlfgNF,construction,linkedin.com/company/burkenby-joinery-limited,dingle,burkenby joinery limited,england,1-10,
united kingdom,,KR4DnT6p7ljO8hdzBltCpQrSEy4J,construction,linkedin.com/company/arknowledge-limited,ilkeston,arknowledge limited,england,1-10,
united kingdom,,IJGqQH9XvENOWlQiYQGirABdhQlF,construction,linkedin.com/company/mya-uk-limited,birmingham,mya (uk) limited,england,1-10,
united kingdom,,SZTOPdxW58x724qaC7bO7AermvfH,construction,linkedin.com/company/newcastle-electrical-ltd,newcastle upon tyne,newcastle electrical ltd,england,1-10,newcastleelectricalltd.com
united kingdom,,6llBjCPRXhE7AW63Pa0adw43uO3E,construction,linkedin.com/company/arconic-limited,london,arconic limited,england,1-10,
united kingdom,,zoBuoAFBVeiIgBaloggYUADSYhj8,construction,linkedin.com/company/tj-pro-tiling-ltd,london,tj pro tiling ltd,england,1-10,tjprotiling.co.uk
united kingdom,2013,XRkVP9l7pJCwTjCCkeVwZg309Mfm,construction,linkedin.com/company/alpha-surveying-services-ltd,brentwood,alpha surveying services ltd,england,1-10,alphasurveying.co.uk
united kingdom,2014,EZXHJ5EckQwEwHV4J4HLhwEYx3GC,construction,linkedin.com/company/mr-shacks-limited,bolton,mr shacks limited,england,1-10,
united kingdom,2020,BwfEXMBt2I0ChwWsoqw7KAgUvwME,construction,linkedin.com/company/relative-power,clay cross,relative power,england,1-10,relativepower.co.uk
united kingdom,2018,5BLKeRIPrhiM8nNWVRRYdQYJroxL,construction,linkedin.com/company/uk-curtain-walling-limited,huddersfield,uk curtain walling ltd,england,1-10,curtainwallinguk.co.uk
united kingdom,,kHllO8iBwvPPW1BC6PQHpAB74J7p,construction,linkedin.com/company/tacer-developments-limited,oswestry rural,tacer developments limited,england,1-10,
united kingdom,,lEi4m0dhApXueQ3BRb1THgK8ve43,construction,linkedin.com/company/jonathan-pitts-limited,bramcote,jonathan pitts limited,england,1-10,
united kingdom,2005,8BXAHSB97Jjvs7AFWDdFaQIAYp1V,construction,linkedin.com/company/arc-group-london-ltd,london,arc group london limited,england,201-500,arcgroupuk.com
united kingdom,,mBofzHIBAHzIC7v4BdVFZgsbr26D,construction,linkedin.com/company/martin-pople-design-&-build-limited,bridgwater,martin pople design & build limited,england,1-10,
united kingdom,,AZCqiGA6Ow652j6ZJfG3VwnrMUZu,construction,linkedin.com/company/tangent-facilities-&-construction-ltd,aldershot,tangent facilities & construction ltd,england,1-10,
united kingdom,,CGAfUI74khls1z3ea0IkWQaCRA5l,construction,linkedin.com/company/cockrill-glass-limited,great yarmouth,cockrill glass limited,england,11-50,cockrillglass.co.uk
united kingdom,2020,OyWQNd6nLWBPpygphFJuoQEY7HvH,construction,linkedin.com/company/snaggmyhouse,aberdeen,snag my house,scotland,1-10,snaggmyhouse.co.uk
united kingdom,,gnC7eTvxC9zGVLM3pkSu1AGQOr57,construction,linkedin.com/company/p-&-t-property-maintenance-limited,basildon,p & t property maintenance limited,england,1-10,
united kingdom,,8HFaK3OCLo7qldABNiyW0AqpzGYq,construction,linkedin.com/company/vaf-ltd,london,vaf ltd,england,1-10,vafltd.co.uk
united kingdom,2006,mem0ZHU3I69fBK1RVJgoNAN9qoA8,construction,linkedin.com/company/gencos-project,london,genco build,england,1-10,facebook.com/mariogencobuild/about
united kingdom,,u5Y4BddrFk6CyhBzAET52QJxnZA1,construction,linkedin.com/company/abbi-access-services-ltd1,deeside,abbi access services ltd,wales,51-200,
united kingdom,,IB1nWbRCHCQh8pQnJ5dnUgsPvdDK,construction,linkedin.com/company/future-floors-services-limited,finchampstead,future floors services limited,england,11-50,futurefloorsqld.com
united kingdom,,ROQyS7u3ftw6XjQoiykC5AjxB6Dg,construction,linkedin.com/company/sudheesh-associates-builders-and-developers-private-limited,london,sudheesh associates builders and developers private limited,england,1-10,
united kingdom,,Qi9vsvASn4vl5IOZwigTdwFx2jGO,construction,linkedin.com/company/arc-kitchens-&-bathrooms-limited,morpeth,arc kitchens & bathrooms limited,england,1-10,
united kingdom,,AJBxFMBeNSNkyotm1tCgSQFjpycB,construction,linkedin.com/company/rd-consultancy-ltd,hessay,rd consultancy ltd,england,1-10,rd-consultancy.co.uk
united kingdom,2019,j4ZFwVAZb4VkziQZL7G14Qh8j8bF,construction,linkedin.com/company/meta-environmental-ltd,southampton,meta environmental ltd,england,1-10,metaenvironmental.co.uk
united kingdom,,NenU7AMChZzOCOc72UeXMwJJPw3C,construction,linkedin.com/company/leisure-logs-limited,chorleywood,leisure logs limited,england,1-10,leisurelogs.co.uk
united kingdom,2010,LljDzMHRsO8e49izvI2pHwkUkJ4u,construction,linkedin.com/company/the-loft-boys,hoddesdon,the loft boys,england,11-50,theloftboys.co.uk
united kingdom,,4SNw2O3aHzPecK8r8jseEAVZZzIf,construction,linkedin.com/company/bewley-group-limited,baughurst,bewley group limited,england,1-10,
united kingdom,,l1p6IYQLZE2J7PrRSbwbfgrVvxYY,construction,linkedin.com/company/surface-prep-ni,donaghadee,surface prep ni,northern ireland,1-10,surfaceprepni.com
united kingdom,,bJHHCgxrC3DbfOWc8lZC4w2pdJr4,construction,linkedin.com/company/inspired-renovations-swanwick-limited,cherry tree,inspired renovations swanwick limited,england,1-10,
united kingdom,,egeVf66jLfTSnq7NIN5mTgXdYfvH,construction,linkedin.com/company/hd-landscapes,york,hd landscapes,england,1-10,hdlandscapesyork.co.uk
united kingdom,,NZZGh1PFTzkgHmEny6HaNQncd00m,construction,linkedin.com/company/acorn-environmental-pest-control-limited,sunderland,acorn environmental pest control limited,england,1-10,acornpestcontrol.co.uk
united kingdom,,XtMqKsdBiEiaQ07vCuhiEAFwqZtj,construction,linkedin.com/company/p.h.-jones-facilities-management-ltd,windsor,p.h. jones facilities management ltd,england,1-10,
united kingdom,,FVYuQ1NsJSyiRFBJVBkHgw3OCyM8,construction,linkedin.com/company/aire-valley-flooring,silsden,aire valley flooring,england,1-10,airevalleyflooring.co.uk
united kingdom,1994,M9l1Z207B5NhcX7xsJsYfwIHwvRg,construction,linkedin.com/company/dje-construction-ltd,attleborough,dje construction ltd,england,11-50,
united kingdom,2000,QFKSu6lH609sd4BBNKhlSQOHrk08,construction,linkedin.com/company/realm-projects,mansfield,realm projects limited,england,51-200,realm-projects.com
united kingdom,,BWlVQ1jE2P21ARFK1aTthwzHSnzk,construction,linkedin.com/company/plumbtastic-cornwall-limited,redruth,plumbtastic (cornwall) limited,england,1-10,
united kingdom,,6hC5dr0X8IntbSWisxcwBAGvoHuZ,construction,linkedin.com/company/vice-enterprises-limited,london,vice enterprises limited,england,1-10,
united kingdom,,lUJrkfJmzSqaSgQ8qgcWZA8hWyI8,construction,linkedin.com/company/regency-construction,radstock,regency construction,england,1-10,regencyconstruction.co.uk
united kingdom,,5eEaAdTy5J99tjtz4zBu9wDNWEoM,construction,linkedin.com/company/gibson-construction-limited,thirsk,gibson construction limited,england,1-10,gibsonconstructionlimited.blogspot.com
united kingdom,,8wtjGXbd9MdYFuggyNvjpA4mQiYL,construction,linkedin.com/company/d-kennedy-ltd,high wycombe,d kennedy ltd,england,1-10,
united kingdom,2006,BrKQY3EmBhqR9Dz3kt5o2A0rpZIC,construction,linkedin.com/company/zeta-builders-&-construction-limited,london,zeta builders & construction limited,england,1-10,
united kingdom,,N7ZsiopSIeBbbwaDUZOw1QRaO4NF,construction,linkedin.com/company/insolum-projects-ltd,orpington,insolum projects ltd,england,1-10,insolumprojects.co.uk
united kingdom,,kcgMxy6cEIdf8SjDQ2oqvgmf3E5r,construction,linkedin.com/company/twk-electrical,thatcham,twk electrical,england,1-10,twkelectrical.com
united kingdom,,pFHW2SXptJ14obR7wRaSVQYgcstT,construction,linkedin.com/company/paul-&-sons-roofing-contract-limited,peterborough,paul & sons roofing contract limited,england,1-10,
united kingdom,,Y7QGF4FDZqGqi8LyISmUyAuFIF68,construction,linkedin.com/company/electric-telehandler,haddenham,electric telehandler,england,51-200,electrictelehandler.co.uk
united kingdom,2011,CvjFRxBsqF4oVj2B73LQLw0lJAwL,construction,linkedin.com/company/bhadltd,bristol,bridge homes & developments ltd,england,1-10,bridgehomes.co.uk
united kingdom,,RSEAUuytryHtugNcS5D1cgLCE8oo,construction,linkedin.com/company/christopher-barry-plastering-contractors,isle of whithorn,christopher barry plastering contractors,scotland,1-10,plastering.work
united kingdom,,Bm9DbrqPBiXO6FcggCsD2Qo2UX8R,construction,linkedin.com/company/westco-partnership-limited,london,westco partnership limited,england,11-50,westcopartnership.com
united kingdom,,u38CBew5SgBgQd7OUjIZHgwg4YUz,construction,linkedin.com/company/millbridge-properties-limited,margate,millbridge properties limited,england,1-10,
united kingdom,1991,uDcBDVBA5E8dZrM63qPCCAImArdQ,construction,linkedin.com/company/mica-projects-limited,west byfleet,mica projects limited,england,11-50,micaprojects.com
united kingdom,,K86thBDZAhZFP47kIrBrjgUilh1u,construction,linkedin.com/company/the-rinkha-limited,larne,the rinkha limited,northern ireland,1-10,therinkha.com
united kingdom,,fnyP0VvMaj5g3J6WAfdkGATLdiQR,construction,linkedin.com/company/a.t.-engineering-ltd,larne,a.t. engineering ltd,northern ireland,1-10,
united kingdom,,DMZ4RHIQBCCQ7ZVQu3hH9Q55E753,construction,linkedin.com/company/pmj-contracting-limited,birmingham,pmj contracting limited,england,1-10,
united kingdom,,3PHkAk1TNBtmzv4SjKwLpwzD70Vj,construction,linkedin.com/company/robert-pochin-ltd-oakham,oakham,robert pochin ltd oakham,england,1-10,robert-pochin-ltd-oakham.b4r-uk.com
united kingdom,,6UxtDoBZGrj4LPNQGadhUwjKzwHy,construction,linkedin.com/company/nik-painting-and-decorating-ltd,london,nik painting and decorating ltd,england,1-10,
united kingdom,,JqHKPVKo2H6FYvWQRupC9wTngJJo,construction,linkedin.com/company/a-&-k-services-co-essex-limited,london,a & k services co (essex) limited,england,1-10,
united kingdom,,x4BZqKC26QsEWVuoXtNo2g8wdseH,construction,linkedin.com/company/mark-hitchings-&-company-limited,cookley,mark hitchings & company limited,england,1-10,
united kingdom,,y52tM8MuUKyqTSrEwxq26AJInLCE,construction,linkedin.com/company/hangar-homes-limited,southampton,hangar homes limited,england,1-10,
united kingdom,,RW0PEcrinaoadQsN5wgIQwOuxHBP,construction,linkedin.com/company/r&m-windows-and-conservatories-ltd,bracknell,r&m windows and conservatories ltd,england,1-10,
united kingdom,,LA0QKIxO9ov8OKG6CYPJsgmaEWaC,construction,linkedin.com/company/m.l.-quinn-construction-limited,newry,m.l. quinn construction limited,northern ireland,1-10,
united kingdom,,4oVgXeWc9XL8dJinTxV3FwJHJLkD,construction,linkedin.com/company/steel-solutions-europe-ltd,arnold,steel solutions (europe) ltd,england,1-10,
united kingdom,,S0JKcfuj8syD2hqsObAuLgzb7zXm,construction,linkedin.com/company/oakway-cctv-sound-&-light-limited,steeple,oakway cctv / sound & light limited,england,1-10,
united kingdom,,KSvwFPMyeocabCrJ2EkydwIMVTy2,construction,linkedin.com/company/syclone-services,swadlincote,syclone services,england,1-10,sycloneservices.co.uk
united kingdom,,AOv3pV3Zl6biWBCLXjJzmQK7bbE7,construction,linkedin.com/company/k-glackin-electrics-ltd,derry,k glackin electrics ltd,northern ireland,51-200,kglackinelectrics.co.uk
united kingdom,,uUSUsJJ9UKYwcmVCVQVGZAmpldWA,construction,linkedin.com/company/blue-arrow-traffic-management-holdings-limited,london,blue arrow traffic management (holdings) limited,england,1-10,
united kingdom,2021,g3MPGcR2ML19J8A1cpcRCQCAuagg,construction,linkedin.com/company/lumisolsolar,norwich,lumisol,england,1-10,simplysmartco.co.uk
united kingdom,,As3JkmbCTIIs5vWIdvZvgwbwuICL,construction,linkedin.com/company/a.-wilkinson-electrical-limited,hertford,a. wilkinson electrical limited,england,1-10,
united kingdom,2013,IaBcYXCpE6qCZ4YVLRGmYAu4b1gJ,construction,linkedin.com/company/absolute-door-services-essex-ltd,billericay,absolute door services essex ltd,england,1-10,absolutedoorservices.co.uk
united kingdom,,Oh2GzflP5M2PuVXJGay00Q1ZzJaq,construction,linkedin.com/company/j-p-dunn-construction-ltd,teddington,jp dunn construction ltd,england,51-200,jpdunnconstruction.co.uk
united kingdom,1993,eBB0AGNyH9MVA7Cit5IPwga5F7Ie,construction,linkedin.com/company/chippenham-conservatories-windows,wythenshawe,chippenham conservatories & windows,england,1-10,
united kingdom,,BsinCvama8Oh1nHt2B2ahg9g3rJq,construction,linkedin.com/company/bassett-&-ryder-limited,mansfield,bassett & ryder limited,england,1-10,
united kingdom,2016,JiAZ8lVIC8ymw3lQduGGiwBpIjCt,construction,linkedin.com/company/rkp-london-ltd,gravesend,rkp london ltd,england,1-10,rkplondon.com
united kingdom,,d2T5bDz5muiOKSrkcSCE4A7SN0sA,construction,linkedin.com/company/md-building-contractors-limited,london,md building contractors limited,england,1-10,mdbuildingcontractors.co.uk
united kingdom,,mrmyszB4bm5a2jRHK9aAkQ0uysTF,construction,linkedin.com/company/going-green-restoration-limited,maidstone,going green restoration limited,england,1-10,goinggreenrestoration.net
united kingdom,,ECXM3LYBF38woMYB22laegUr8YOP,construction,linkedin.com/company/sustainable-technology-ltd,staplehurst,sustainable technology ltd,england,1-10,
united kingdom,2001,0InR19CMunSSQQ4NHUqeTA7nxHOE,construction,linkedin.com/company/radcot-plant-ltd,faringdon,radcot groundworks ltd,england,11-50,radcotplant.co.uk
united kingdom,,kBZ04YTpB1lh6eUbABHVMQI1ZcVK,construction,linkedin.com/company/charles-lewis-ltd,kempston,charles lewis ltd,england,1-10,
united kingdom,,t4T4FgRfUYLJ5BuygBPtVgTJZ2gJ,construction,linkedin.com/company/r-and-s-electrical-services-ltd,cannock,r and s electrical services ltd,england,1-10,
united kingdom,2014,ohJV5Iak4qh91shJcqoxrw9n5OH4,construction,linkedin.com/company/made-2-measure-builders-limited,hamilton,made 2 measure builders limited,scotland,1-10,
united kingdom,,UpESbiVg5buoaAKkHxNNlgVXXxkN,construction,linkedin.com/company/buckley-group-ltd,east leake,buckley group ltd,england,1-10,
united kingdom,,AGyFTDYyf2Y07AZY7UUDqQVYabPQ,construction,linkedin.com/company/landmark-design-&-build-limited,london,landmark design & build limited,england,1-10,
united kingdom,,VfeMPwdvpfcehDTTSMYk9AozKpHE,construction,linkedin.com/company/travelmania-limited,london,travelmania limited,england,1-10,travelmania.ltd.uk
united kingdom,,ai8NgrohB4Qd0bxuh0IpBwh70trz,construction,linkedin.com/company/gordon-barber-limited,petersfield,gordon barber limited,england,1-10,
united kingdom,2014,C33BiZMdlBkNOCsF6nfiuAlGJngF,construction,linkedin.com/company/jackson-building-services-ltd,nottingham,jackson building services ltd,england,1-10,
united kingdom,2016,X1LLYB8Z0QtKVIcXvSaEzA6onkPr,construction,linkedin.com/company/renderwise-ltd,herne bay,renderwise,england,1-10,
united kingdom,,EFuJmeHbSJFajIJHGe3AwwPTv7gd,construction,linkedin.com/company/motherwell-bridge-limited,london,motherwell bridge limited,england,1-10,
united kingdom,,cn4yJVEhOzVUHCfwwIEUBQpUJuCX,construction,linkedin.com/company/breckland-property-renovations-limited,diss,breckland property renovations limited,england,1-10,
united kingdom,1958,49BELu1GCnu3tQE5CmyVig9k0f5f,construction,linkedin.com/company/boston-interiors-ltd,newcastle under lyme,boston interiors ltd,england,11-50,boston-interiors.com
united kingdom,,RTlyF19OOmszPEwDVbcgJAyVQ3LS,construction,linkedin.com/company/jent-estates-limited,southsea,jent estates limited,england,1-10,
united kingdom,,obH0E1ZN4u083j0WZ5tLXQplGzoo,construction,linkedin.com/company/the-stable-cottage-company-limited,bournemouth,the stable cottage company limited,england,1-10,
united kingdom,,VWHvbBtoXn7W3Eqm9PyzlQ5DTxvb,construction,linkedin.com/company/js-heating-solutions-ltd,rochdale,js heating solutions ltd,england,1-10,
united kingdom,,d23mCBjDNPXiKKBFCLAfWgQGQdeX,construction,linkedin.com/company/simply-woodwork-limited,london,simply woodwork limited,england,1-10,
united kingdom,,wBFyWYsivTizmCxaWM8fww07Swma,construction,linkedin.com/company/e-&-s-developments-limited,oldham,e & s developments limited,england,1-10,
united kingdom,,A88CkBHQ6fgSIpnkrNFARgPoDZbN,construction,linkedin.com/company/solid-wood-solutions,shrewsbury,solid wood solutions,england,11-50,solidwoodsolutions.co.uk
united kingdom,,CxbvGokl5pwiBhBCTv3bvAGVWqCm,construction,linkedin.com/company/gembuild,,gembuild,,1-10,gembuild.co.uk
united kingdom,2010,iUf9d5K1CAUMGChpDSBUJQEICZO1,construction,linkedin.com/company/central-programme-management-ltd,solihull,project planning ltd,england,11-50,projectplanning.ltd
united kingdom,1995,NCbDS2BIygIj8pmFDLrfEAS86t25,construction,linkedin.com/company/esprit-uk-limited,west bromwich,esprit uk limited,england,51-200,esprituk.com
united kingdom,,3LOEU203SN4IqiYwsEimIgyfKAK8,construction,linkedin.com/company/ndc-group-ltd,london,ndc group ltd,england,1-10,
united kingdom,,AwRW1H7HiZUxa9I0hzGzoAC8tLyG,construction,linkedin.com/company/langdale-smith-and-co-limited,market rasen,langdale-smith and co limited,england,1-10,
united kingdom,,TPtFTFkPd1lLkRU6szPhiAA4sXcM,construction,linkedin.com/company/concept-scaffold-services-ltd,chipping ongar,concept scaffold services ltd,england,1-10,
united kingdom,,PnZux1xt6wunAoycmSxijgm60k1t,construction,linkedin.com/company/newold-scaffolding-limited,london,newold scaffolding limited,england,1-10,
united kingdom,,V37yPY7mBCHfYzFa4ntuuw5ovNcc,construction,linkedin.com/company/laser-claddings-limited,stourbridge,laser claddings limited,england,11-50,
united kingdom,,ACldydZbcMBhjy8TAL2Z2QGQ91W9,construction,linkedin.com/company/steve-lumley-planing-limited,london,steve lumley planing limited,england,1-10,stevelumley.com
united kingdom,,HuP723SIoPxAqP1qimMmzAbNDxos,construction,linkedin.com/company/oakleigh-acres-limited,bristol,oakleigh acres limited,england,1-10,
united kingdom,,cJDn6IBCdsiiNuRJwuDZ5go1EcCg,construction,linkedin.com/company/fmd-electricals-limited,london,fmd electricals limited,england,1-10,
united kingdom,,LkPMgJFBLzY6nL9tB3o0SAEtCciW,construction,linkedin.com/company/stack-homes-limited,derby,stack homes limited,england,1-10,
united kingdom,,0n9CuC9M4FkKmFJtxenSrwpLX7cb,construction,linkedin.com/company/jose-guerreiro-limited,reading,jose guerreiro limited,england,1-10,
united kingdom,,ZBC0h637JyHZYuKJkDyRHADTh900,construction,linkedin.com/company/k-&-r-blewett-limited,redruth,k & r blewett limited,england,1-10,
united kingdom,2020,oJg2VU6gcKj6FbNhJ8lRtgXusBQr,construction,linkedin.com/company/dampex-ltd,chatham,dampex ltd,england,1-10,dampex.co.uk
united kingdom,2012,JWx2C4CBHNG8ATepmDE5RQAHtYES,construction,linkedin.com/company/flinders-chase,liverpool,flinders chase,england,1-10,flinderschase.co.uk
united kingdom,,68JvOuEEMWsksCDLFEs5pAPnWTd6,construction,linkedin.com/company/t.m.t.-powder-coating-limited,saint leonards-on-sea,t.m.t. powder coating limited,england,1-10,
united kingdom,,JN8AnokVqkbuuth6EH98yQk2vdYd,construction,linkedin.com/company/cnm-joinery-limited,hoghton,cnm joinery limited,england,1-10,
united kingdom,,wF729xBdTTAoRs3FF4BWBgmdAncf,construction,linkedin.com/company/digesh-limited,middlesex,digesh limited,england,1-10,
united kingdom,,DdZtde18wTn3HQyBBKYNAAo2Ufxq,construction,linkedin.com/company/joserra-property-services-ltd,london,joserra property services ltd,england,1-10,
united kingdom,,FVN02BfCNy3WcJMwC3x2Nw6DFYO1,construction,linkedin.com/company/avl-electrical-contractors-limited,waterlooville,avl electrical contractors limited,england,1-10,
united kingdom,,LaL3oQIkHNNJp9t1CJyDCwi4QASF,construction,linkedin.com/company/nolan-plumbing-heating-and-gas,wadebridge,nolan plumbing heating and gas,england,1-10,
united kingdom,,9WZLoXzvnuGAZ4faBbvMKgdWu3nj,construction,linkedin.com/company/c-&-g-energy-ltd,barri,c & g energy ltd,wales,1-10,
united kingdom,,lx0XhG77awPqzom7g9lYzgF6tYFA,construction,linkedin.com/company/mccrory-construction,craigavon,mccrory construction,northern ireland,1-10,
united kingdom,,5L1B17OMtSZFV1wP7KHsuA3gDS6W,construction,linkedin.com/company/morespace-building-co-ltd,brighton,morespace building co ltd,england,1-10,
united kingdom,,tXD8vCt026n5ETL8FPke1QMm62h9,construction,linkedin.com/company/a.-hames-limited,nottingham,a. hames limited,england,1-10,
united kingdom,,5EY4odIsvtaLaJTjrnhLQAddhVpu,construction,linkedin.com/company/dewhurst-construction-limited,longridge,dewhurst construction limited,england,1-10,
united kingdom,2021,mNC5Qu6VaFeJxsPGBl2kngA9XvD6,construction,linkedin.com/company/rotrax-uk-ltd,leighton buzzard,rotrax uk ltd,england,1-10,rotrax.co.uk
united kingdom,2014,mH5RdAv34C5s92HDcCijWQJbbmRp,construction,linkedin.com/company/r-&-s-building-constructions-limited,london,r & s building constructions limited,england,1-10,
united kingdom,,8BtO9VCiIFeRKKRXOjaLrAxMa7l0,construction,linkedin.com/company/j.-hutchinson-holdings-limited,gatwick,j. hutchinson holdings limited,england,1-10,
united kingdom,,pbQj3PCQefvJQr0tuxCuigZlyWQt,construction,linkedin.com/company/ben-curtis-building-and-construction-ltd,winslow,ben curtis building and construction ltd,england,1-10,
united kingdom,,cLoIhgwc0ssWnr9CLu4KLQ79ozba,construction,linkedin.com/company/lewingtongasandheatingspecialists,market harborough,k lewington gas and heating specialists,england,11-50,lewington-heating.co.uk
united kingdom,,Vb0JOVBhAbzVPZrnQ9uriwjwZ9uW,construction,linkedin.com/company/lotus-electrical-&-mechanical-limited,stokesley,lotus electrical & mechanical limited,england,1-10,
united kingdom,2004,Ekn6r6BSUWMp3C4poD1BWQ1TLhGb,construction,linkedin.com/company/geotect-limited,northampton,geotect limited,england,1-10,geotect.co.uk
united kingdom,2010,w1u5ULA1NgNpBxlOnc3lsAXApcoG,construction,linkedin.com/company/tc-total-care-limited,london,tc total care limited,england,1-10,
united kingdom,,09CJDWSYfAtrfBfNX6BfCgkMzu8g,construction,linkedin.com/company/ashton-plumbing-&-heating-limited,chesterfield,ashton plumbing & heating limited,england,1-10,
united kingdom,,adYAiBZjHDfQoPWlw1cuxAovEtrl,construction,linkedin.com/company/tony-smith-plumbing-and-heating-services-limited,fair oak and horton heath,tony smith plumbing and heating services limited,england,1-10,
united kingdom,2010,lZCSrkleBL3Ajzt2B9vH1gDvh3sG,construction,linkedin.com/company/labtech-joinery-limited,thorngumbald,labtech joinery limited,england,1-10,
united kingdom,,nmr5MDF7R9LJSp78QKR4vAmcvZWK,construction,linkedin.com/company/mba-plumbing,reading,mba plumbing,england,1-10,mbaplumbing.co.uk
united kingdom,,7RMVXmfbs4chhkvYjiUJVwYG6VfA,construction,linkedin.com/company/greestone-developments-limited,london,greestone developments limited,england,1-10,
united kingdom,,dcVCljfk2RsFPkzXnKBO9wtje9qs,construction,linkedin.com/company/p-mc-dowell-building-services-ltd,west dunbartonshire,p mc dowell building services ltd,scotland,1-10,
united kingdom,,NGOxFSEXLHL7Btq9Sf0wsgE4csKt,construction,linkedin.com/company/octopus-property-limited,newcastle upon tyne,octopus property limited,england,1-10,
united kingdom,,zSGWLXPuK6Jv3ABKmSvZ2QM3MngR,construction,linkedin.com/company/holmes-roofing-limited,rochford,holmes roofing limited,england,1-10,
united kingdom,,xVCvILfL9C1U2934z4ihdA9oZFdj,construction,linkedin.com/company/westlon-electrical,london,westlon electrical,england,1-10,westlonelectrical.com
united kingdom,,82Lkw3BDv1aBhJVGpZKHhgJlNugh,construction,linkedin.com/company/rmr-joinery-services-ltd,sawston,rmr joinery services ltd,england,1-10,
united kingdom,,6l6hApkSdCLuic2vvZV29AmICdcK,construction,linkedin.com/company/adb-builders-limited,dudley,adb builders limited,england,1-10,
united kingdom,,nvFUoNULSc1rz7jp8yZTWQxws7vd,construction,linkedin.com/company/john-powney-plumbing-&-heating-ltd,sheffield,john powney plumbing & heating ltd,england,1-10,
united kingdom,2020,OT25TjpkVW5kTLGlHGTdNA75i26b,construction,linkedin.com/company/focus-kitchens-bedrooms-limited,sunderland,focus kitchens & bedrooms limited,england,1-10,focuskitchensandbedrooms.co.uk
united kingdom,1997,GvPQMcqB8b8mOQaxAHhHJg2CSt0O,construction,linkedin.com/company/oskomera-facades-uk-limited,london,oskomera facades (uk) limited,england,1-10,
united kingdom,1989,MALaBL4i3iejLWOwgNjKCglDrtBk,construction,linkedin.com/company/griffiths-groundworks-civils-ltd,mold,griffiths groundworks civils ltd,wales,11-50,griffithsgroundworksltd.co.uk
united kingdom,,RvoJh46OpxFMuFWNsQC4YwgAaWSK,construction,linkedin.com/company/indigo-architecture-&-design-limited,eastbourne,indigo architecture & design limited,england,1-10,
united kingdom,,ZmrFlmdyZREsJg7Tun0iVg5lbLsi,construction,linkedin.com/company/fairholm-limited,london,fairholm limited,england,1-10,
united kingdom,,tOr09i7QZEJvfSrBRJa1DQNpW7Cr,construction,linkedin.com/company/diver-property-services-ltd,mitcham,diver property services ltd,england,1-10,
united kingdom,,IRDtrtDASHuTYtQ6t5UCAADSixV1,construction,linkedin.com/company/townsend-lighting-and-electrical-services-limited,maidenhead,townsend lighting and electrical services limited,england,1-10,
united kingdom,,6ld13yRMxYxfpSWdABRIGASmTgGw,construction,linkedin.com/company/aa-scaffolding-limited,wallasey,aa scaffolding limited,england,1-10,aascaffoldingltd.co.uk
united kingdom,,YB7khIgCQkHz8aU1ytvE3gJlxbCR,construction,linkedin.com/company/meridien-homes-limited,ilkley,meridien homes limited,england,1-10,
united kingdom,,yoDBzkSZB5JksWX9RCYidgPWk0du,construction,linkedin.com/company/r-costello-plastering-limited,watford,r costello plastering limited,england,1-10,
united kingdom,,vw681NKHGT6GtRoAlv66FQTUkcPn,construction,linkedin.com/company/reed-contracts-limited,thaxted,reed contracts limited,england,1-10,
united kingdom,,3HCoKWo8YtFWcjHLh6XFCgqZiIPL,construction,linkedin.com/company/rotavele-uk-ltd,sidcup,rotavele uk ltd,england,1-10,rotavele.co.uk
united kingdom,,ykvbLl3zdk9iuKFrlDu7cQMz1JBT,construction,linkedin.com/company/m.r.s.-electrical-limited,swanley village,m.r.s. electrical limited,england,1-10,
united kingdom,,mZrtq63EpX7v52tofhgUHg9ULAKn,construction,linkedin.com/company/g&l-property-maintenance-limited,rickmansworth,g&l property maintenance limited,england,1-10,
united kingdom,,PLh49T3ldUMcB7CfCr2ASQQtDFO0,construction,linkedin.com/company/cook-and-long-limited,colchester,cook and long limited,england,1-10,
united kingdom,2010,LEFUYqHuqZPUxWMe3m37FwsHz0Td,construction,linkedin.com/company/a-&-y-building-services-ltd,newton abbot,a & y building services ltd,england,1-10,
united kingdom,,zgbtwnS5kndAvYxBXXRMSAwOQjTS,construction,linkedin.com/company/borefence-ltd,newport,borefence ltd,wales,1-10,borefence.com
united kingdom,2010,Yd9F85TB1C0IH551aPQZfwWK8sAs,construction,linkedin.com/company/foxhill-homes-ltd,ascot,foxhill homes ltd,england,1-10,foxhillhomes.co.uk
united kingdom,,QTfE9hIDHW6RRxwuwwaOBwVv54Rk,construction,linkedin.com/company/mutiara-roofing-industries-private-limited,london,mutiara roofing industries private limited,england,1-10,mutiararoofing.in
united kingdom,,ezXxbssdrRUJMTAY4pCvqgdsiGbs,construction,linkedin.com/company/construction-facilities-limited,durham,construction facilities limited,england,1-10,
united kingdom,,iw3OiJdFD3Bjh89n1L7H8w1h0MVR,construction,linkedin.com/company/m-&-e-heating-services-limited,cannock,m & e heating services limited,england,1-10,
united kingdom,,y95w21eYFKu4GFFoQIThiwYNrtqV,construction,linkedin.com/company/thermostatix,rochester,thermostatix,england,1-10,thermostatix.co.uk
united kingdom,2011,TE0RCJHM41SNcnRWlSDgIw1ZTOGz,construction,linkedin.com/company/phoenix-london-and-regional-limited,london,phoenix london and regional limited,england,1-10,
united kingdom,,0MpxJtePAbRBr4Vwbw0rewHUpGE4,construction,linkedin.com/company/new-chapter-property-developments-limited,brentwood,new chapter property developments limited,england,1-10,
united kingdom,,b8jwWdKy9vR7Ga8Oi1fZfAj4eyWu,construction,linkedin.com/company/stone-repairs-and-restoration,london,stone repairs and restoration,england,1-10,stonerepairsandrestoration.co.uk
united kingdom,,wFQVXI91r6CAEreDNpPXQAV7pMXS,construction,linkedin.com/company/institute-of-swimming-pool-engineers-limited-the-,great chesterford,institute of swimming pool engineers limited(the),england,1-10,ispe.co.uk
united kingdom,,8iYmdntRiYlI7KAfij1SLwbQUVeR,construction,linkedin.com/company/matrix-property-limited,clacton-on-sea,matrix property limited,england,1-10,
united kingdom,2011,mUMilSGazwOEh2fBnXL0cw4g9VDP,construction,linkedin.com/company/mhls-building-contractors-ltd,kidderminster,mhls building contractors ltd,england,1-10,
united kingdom,2014,onKOC0S5MxC5Gz0gEQPY1wwxas7W,construction,linkedin.com/company/universal-plumbing-services-ltd,newcastle upon tyne,universal plumbing services ltd,england,1-10,
united kingdom,,8BdGUKZlcpXjZwLnQso1FgDRd3Mb,construction,linkedin.com/company/d-a-hughes-electrical-limited,mold,d a hughes electrical limited,wales,1-10,
united kingdom,2016,SaMbBIZ7VBjfLT3xIJNKEwKVOx0L,construction,linkedin.com/company/aasltd,rickmansworth,aas projects & design ltd,england,11-50,acoustic-solutions.co.uk
united kingdom,,bCvOubrNpC4AkFrA7ixcQQ3KJqDP,construction,linkedin.com/company/ces-scaffolding-limited,chandlers ford,ces scaffolding limited,england,1-10,
united kingdom,1992,u5SgRVvwe7Cc4VlCAbfMAgiV3kws,construction,linkedin.com/company/skill-scaffolding,southampton,skill scaffolding,england,51-200,skillscaffolding.co.uk
united kingdom,,izrBHp83DGDvtNn7ZlC0rAXoqmnv,construction,linkedin.com/company/john-buck-construction-services-limited,mansfield woodhouse,john buck construction services limited,england,11-50,jbcsl.co.uk
united kingdom,,cu5kKXX3iU7u8h1JRbAbBQIxBqvU,construction,linkedin.com/company/ark-decor-limited,northampton,ark decor limited,england,1-10,
united kingdom,,taoruGTB7X33FCPk32yJ8AwJGBEs,construction,linkedin.com/company/vk-services-essex-limited,thundersley and south benfleet,vk services (essex) limited,england,1-10,
united kingdom,,CGwKvSYdj5ZsMg8Bfqr5dgIku4BM,construction,linkedin.com/company/triune-construction-limited,saint helens,triune construction limited,england,11-50,triuneconstruction.com
united kingdom,2008,3JjLBp516XoXCBpdyGXTuw5uD6Kn,construction,linkedin.com/company/universal-smart-industries,london,universal smart industries ltd,england,1-10,universalsmartindustries.com
united kingdom,,tcwWhKhZ7F4MKkLL1cjhEArTlm2e,construction,linkedin.com/company/stephen-thompson-civil-engineering-ltd,durham,stephen thompson civil engineering ltd,england,1-10,
united kingdom,,GJfPCRylS3QiLqdqvZdLnAyXqQpy,construction,linkedin.com/company/cyrene-building-consultancy-limited,chandler's ford,cyrene building consultancy limited,england,1-10,
united kingdom,,cBcuemgYfRaBDQ3x6Y6ezAeKr0jQ,construction,linkedin.com/company/cox-&-taylor-limited,london,cox & taylor limited,england,1-10,
united kingdom,,xgye7lrSsuGDEwCOBALodgm1zGt6,construction,linkedin.com/company/tts-services-limited,wrexham,tts services limited,wales,1-10,
united kingdom,1967,WIP5tmf3dN8eXWTxsPO1YAis07cz,construction,linkedin.com/company/radication-limited,belfast,radication ltd,northern ireland,1-10,radication.co.uk
united kingdom,2015,DGBJN01eKNnKB9aBtn6UHgznyAIb,construction,linkedin.com/company/o-connor-limited,london,o'connor,england,11-50,oconnorltd.co.uk
united kingdom,,12dL4hzUlaasWeF62DZgUwqjHFoJ,construction,linkedin.com/company/avantgarde-group-limited,manchester,avantgarde group limited,england,1-10,
united kingdom,,WvC97vssodXZqLBYtMzdXQZF0OxK,construction,linkedin.com/company/m.-moore-construction-limited,manchester,m. moore construction limited,england,1-10,
united kingdom,,bqKEs4WsjGX3EZVT8Bl3qAzzv7hp,construction,linkedin.com/company/lc-roofing,helensburgh,lc roofing,scotland,1-10,
united kingdom,,VZjBHaoMPdOsVXNoCGpJDQu7IxX5,construction,linkedin.com/company/theshuttershack-limited,verwood,theshuttershack limited,england,1-10,theshuttershack.co.uk
united kingdom,,vDXtkzvqnscry3a6dF6AfQoRjqiJ,construction,linkedin.com/company/countryside-home-developments-limited,king’s lynn,countryside home developments limited,england,1-10,
united kingdom,,EcINxdiCJgLCPMdivdDtwAfTevqf,construction,linkedin.com/company/steve-henson-engineering-limited,london,steve henson engineering limited,england,1-10,
united kingdom,,JDZROHMreN6ouhYpVXeZPQzR9A9i,construction,linkedin.com/company/aov-uk-ltd,london,aov uk ltd (automatic opening vents uk ltd),england,1-10,aovuk.co.uk
united kingdom,2017,XVTafYy7HInLFSUyEyv2lgHd4OQS,construction,linkedin.com/company/handyman-derbydan,derby,handyman_derbydan,england,1-10,
united kingdom,,nY9H9wI1uKgal0gt1r4CXgppj4Xm,construction,linkedin.com/company/n-y-k-mirror-doors-limited,warrington,n y k mirror doors limited,england,1-10,nykmirrordoors.co.uk
united kingdom,,1jFnT0U9CaSo8OxAAoLuXQHNtqO7,construction,linkedin.com/company/c-hawkins-ceilings-ltd,essex,c hawkins ceilings ltd,england,1-10,
united kingdom,,JCosAxcZ6ArVcpV43HxrjwkBDn3U,construction,linkedin.com/company/antringham-developments-limited,birmingham,antringham developments limited,england,1-10,
united kingdom,,byCWErEJxfX5YltR6i2JEwqXHEiH,construction,linkedin.com/company/ienergise-ltd,london,ienergise ltd,england,1-10,
united kingdom,,VpkXEmObLWpwlcdt2cEMAwBJ16Lh,construction,linkedin.com/company/jl-interiors-ltd,sleaford,jl interiors ltd,england,1-10,
united kingdom,2013,npmXnM1Eh5Cku2VMTYv6gAzIe7Ro,construction,linkedin.com/company/wilmat-developments-limited,northampton,wilmat developments limited,england,1-10,
united kingdom,,JR5rQcawHLmyZBukmRd8ygEfL9Sm,construction,linkedin.com/company/bmbc-holdings-ltd,hill,bmbc holdings ltd,england,1-10,
united kingdom,2022,gk8dnHPw7woqVhitRHcNCQ8Kfzh3,construction,linkedin.com/company/crettic-messengerial,manchester,crettic messengerial,england,1-10,crettic.com
united kingdom,,ekxHoGdSuw79D9lb035rjgdBB40w,construction,linkedin.com/company/robert-andrew-industrial-doors-limited,sherburn in elmet,robert andrew industrial doors limited,england,1-10,
united kingdom,,kRKt1uPvd31XtRIHA7nlwA1QtFO8,construction,linkedin.com/company/j-&-b-properties-limited,glasgow,j & b properties limited,scotland,1-10,
united kingdom,,JZAmf4JEtuGO5nCVdTJAoA3XxPNe,construction,linkedin.com/company/oren-limited,kidwelly,oren limited,wales,1-10,
united kingdom,,587dHSTRuPhwBqdRdM2qmgz9xwa4,construction,linkedin.com/company/papa-creative-builders-limited,wanborough,papa creative builders limited,england,1-10,papacreativebuilders.co.uk
united kingdom,,S715F1DttbqxkRIcIMu7wgtsyWw4,construction,linkedin.com/company/graham-boyle-&-son-limited,brightwell baldwin,graham boyle & son limited,england,1-10,
united kingdom,2019,ppoxOBOIyDZ93DWeQ6hC4gZwXymA,construction,linkedin.com/company/senlac-specialist-works-ltd,hastings,senlac specialist works ltd,england,11-50,senlacsw.co.uk
united kingdom,,gyKBj1nJjtlKuj7CIIpagQrmCBYU,construction,linkedin.com/company/simon-daniels-renovations-limited,london,simon daniels renovations limited,england,1-10,
united kingdom,,9nGUttyUyBIhubfYJkywhQ30WjGG,construction,linkedin.com/company/xtreme-designs-limited,cockermouth,xtreme designs limited,england,1-10,
united kingdom,1842,PyPeS4BAuohpfPUvyTFiDQKWlQE2,construction,linkedin.com/company/the-institute-of-construction-management,,the institute of construction management,,1-10,the-icm.co.uk
united kingdom,,5Y4UKsgsScDcogL7RKhKRg4mTbXu,construction,linkedin.com/company/hull-resin-floors-limited,grimsby,hull resin floors limited,england,1-10,
united kingdom,,9YPctBDRDUckOCzHMsGN1AEYF7Qs,construction,linkedin.com/company/lynn-electrical-services-limited,west winch,lynn electrical services limited,england,1-10,
united kingdom,,WcfVRrvKxcgBYgGzHogchAMbPC7j,construction,linkedin.com/company/nwdm-ltd,london,nwdm ltd,england,1-10,
united kingdom,2014,Xezn0G8OHYXKIXNBCHgYLwd1oVJo,construction,linkedin.com/company/armcore-ltd,newcastle,armcore ltd,england,1-10,armcore.net
united kingdom,,MAkd4BfUF9TeBvH0sTIbPQJmqyWw,construction,linkedin.com/company/gap-demolition-labour-limited,kidderminster,gap demolition labour limited,england,1-10,
united kingdom,,F7CKObc523Ul2awuQQsR8wgPI2TC,construction,linkedin.com/company/r-dunn-lime-plastering-ltd,upminster,r dunn lime plastering ltd,england,1-10,rdunnlimeplastering.co.uk
united kingdom,,k9WdBgNLYTkgnqNzqawzdgyKgSh6,construction,linkedin.com/company/jc-plumbing-ltd,london,jc plumbing ltd,england,1-10,
united kingdom,,GvcdXdlBJw7Fk8X0NUXr8QIcWWIj,construction,linkedin.com/company/shcce-ltd,vale of glamorgan,shcce ltd,wales,1-10,
united kingdom,,E9p0EapZ2ClY4q1l2VilYAbgQL3q,construction,linkedin.com/company/scott-builders-limited,surrey,scott builders limited,england,1-10,
united kingdom,,9dOcB5aJ4aFT2b2W60VqJQMO4Hj5,construction,linkedin.com/company/lewisham-building-preservation-trust,london,lewisham building preservation trust,england,1-10,
united kingdom,,1HWJV204FtpiCX8wCq0yuwm5M2yF,construction,linkedin.com/company/ts-carpentry,plymouth,ts carpentry,england,1-10,tscarpentry.co.uk
united kingdom,,7Un7H1emJexAzaEA4l8VOA2NMn1M,construction,linkedin.com/company/industrial-power-solutions-limited,northfleet,industrial power solutions limited,england,1-10,
united kingdom,,6yQSrEowNyAY72OQcGr8eALpnCP9,construction,linkedin.com/company/laminate-wooden-flooring,ballymoney,laminate wooden flooring,northern ireland,1-10,laminatewoodenflooring.com
united kingdom,,0jgebGCFXtvuEAZuS70ngQjQVnVF,construction,linkedin.com/company/njf-limited,larkhall,njf limited,scotland,1-10,
united kingdom,,MRQ7HAVsb6oj9CQtjBJYrQVoSkP2,construction,linkedin.com/company/mcl-construction-group-ltd,street,mcl construction group ltd,england,1-10,mclgroup.co
united kingdom,,6u8Wkx1Iiz5Ghlib4BkGVANIV86b,construction,linkedin.com/company/diamond-decorators-limited,leicester,diamond decorators limited,england,1-10,
united kingdom,,6t79WFGCGNGYopOYtFCgtQevc9yL,construction,linkedin.com/company/minimix-concrete,caerdydd,minimix concrete,wales,1-10,minimixconcrete.co.uk
united kingdom,1991,gUu7B8HExFB3Q1teaCcvMAlNgcpa,construction,linkedin.com/company/barcol-air-uk-ltd,bath,barcol-air (uk) ltd,england,1-10,barcol-air.co.uk
united kingdom,2014,xWZCpB2QBjdrRFaEbuF4kg8Whtbb,construction,linkedin.com/company/rdginvestments,london,rdg group ltd,england,11-50,rdgpropertygroup.com
united kingdom,,Qro66uKBhNCs7bnjFII7RgiF2NKe,construction,linkedin.com/company/grayla-developments-ltd,stockport,grayla developments ltd,england,1-10,
united kingdom,,ImBCBOQ0K1nBN5O6vJTmXwU8yq8Z,construction,linkedin.com/company/sidcol-limited,sheffield,sidcol limited,england,1-10,
united kingdom,2008,HKRMARVuozNlT9wS9HadCgXwbxHn,construction,linkedin.com/company/kennedy's-southern-ltd,poole,kennedy's (southern) ltd,england,1-10,
united kingdom,,rwAkxfwqanoqe9oB3ZIFKAmLzD6C,construction,linkedin.com/company/dauson-environmental-group-limited,caerdydd,dauson environmental group limited,wales,201-500,dausoneg.co.uk
united kingdom,,921JAPwFKTZ8o0MaVNj4WwqO0CDU,construction,linkedin.com/company/rjb-group-essex-limited,basildon,rjb group (essex) limited,england,1-10,
united kingdom,,70DGtR5jegkHO6zykH0BwgRo7NkM,construction,linkedin.com/company/fitting-solutions-midlands-limited,cannock,fitting solutions (midlands) limited,england,1-10,
united kingdom,,mW60T127m70vObV5OJEFiAGxeBFu,construction,linkedin.com/company/lydair-commissioning-limited,barri,lydair (commissioning) limited,wales,1-10,
united kingdom,,TByogZ7IICHbVNB44tmbnQIJ3XLP,construction,linkedin.com/company/j.-cran-electrical,prestwick,j. cran electrical,scotland,1-10,jcranelectrical.co.uk
united kingdom,,E4kcECftOmxWjbIrS7gd4QZnWV8I,construction,linkedin.com/company/alex-mcnaught-builders,leslie,alex mcnaught builders,scotland,1-10,alexmcnaughtbuilders.com
united kingdom,,xUhb0cxAgC1IqgRASaloXwf1yQJr,construction,linkedin.com/company/carlyle-environmental-consultants-limited,cheltenham,carlyle environmental consultants limited,england,1-10,
united kingdom,,lwY7ty8OID0X55kTBwqFlAWWzXTA,construction,linkedin.com/company/sinclair-fencing.-reserved,greenhithe,sinclair fencing. reserved,england,1-10,sinclairfencing.co.uk
united kingdom,1999,T2lsEvBJyo69KLBzCFoC7wYqzeD7,construction,linkedin.com/company/stuart-consultancy-limited,barton-le-clay,stuart consultancy limited,england,1-10,stuartconsultancyltd.com
united kingdom,,5xCCXuBiBFKZBQauZzGazgaJCaHF,construction,linkedin.com/company/r-&-n-plumbing-and-heating,birmingham,r & n plumbing and heating,england,1-10,rnplumbingandheating.co.uk
united kingdom,2008,LMdRfUbPRfUDzGgH05DDDQlSGj0c,construction,linkedin.com/company/vertex-civil-engineering-limited,solihull,vertex civil engineering limited,england,1-10,
united kingdom,,HGSf25ZwS9B7C9LDRyVu6gGgH1LF,construction,linkedin.com/company/new-wave-heating,uckfield,new wave heating,england,1-10,newwaveheating.co.uk
united kingdom,,Q4tZrIUroSbFnEC15pUugAgCDVnS,construction,linkedin.com/company/dave-gregson-ltd,liverpool,dave gregson ltd,england,1-10,
united kingdom,2018,zwyUfzW2ubXcLbCN0Cudzg50KrPV,construction,linkedin.com/company/e15-design,london,e15 design,england,1-10,
united kingdom,,BZMXAqCTMLeBKveJ15w4EALUttea,construction,linkedin.com/company/chainstay-limited,solihull,chainstay limited,england,1-10,
united kingdom,,8nQqFEPvr6s0NaBmyBY80ANSqZDI,construction,linkedin.com/company/fortis-contracting-limited,nottingham,fortis contracting limited,england,1-10,fortis-contracting.co.uk
united kingdom,2012,6li9SCg4Gwk3jQwAsYCtggSgwQc0,construction,linkedin.com/company/brenig-group,mochdre,brenig construction,wales,51-200,brenigconstruction.co.uk
united kingdom,,ZU6nhlrRHUCXsuLxxEdAjgOrwuMU,construction,linkedin.com/company/thct-development-limited,peakirk,thct development limited,england,1-10,
united kingdom,2020,tQCU0k2YIgRs5Wk2TYwnHAUDkx7B,construction,linkedin.com/company/smartchargeuk-ltd,london,smart charge uk,england,1-10,smartcharge-uk.com
united kingdom,2005,OW7rc6RzYicXfCkYs9lKUw1UhTxm,construction,linkedin.com/company/energy-counsel,bury,energy counsel,england,1-10,energycounsel.co.uk
united kingdom,,6BC7ZsVaz3Nw27srs3u5NAE3QjWp,construction,linkedin.com/company/bg-property-development,edinburgh,bg property development,scotland,1-10,bgpropertydevelopment.co.uk
united kingdom,2009,yNqCdfm8en3GmdmBnyBCvAdKJ5wA,construction,linkedin.com/company/bridge-eighteen-engineering-limited,london,bridge eighteen engineering limited,england,1-10,
united kingdom,2013,yCR3T5JE7aJxPZnyVAth5QNNkUqm,construction,linkedin.com/company/air-tightness-solutions,oxford,air tightness solutions ltd.,england,1-10,airtightnesssolutions.co.uk
united kingdom,,fsBJItd94LjmmOGm8P4mDgtwb5U5,construction,linkedin.com/company/ygm-plumbing-&-building-ltd.,bilston,ygm plumbing & building ltd.,scotland,1-10,
united kingdom,2014,SGQqMOXFE5TccRTnmCq9CQdXMYjG,construction,linkedin.com/company/mr-rustic-limited,cobham,mr rustic limited,england,1-10,
united kingdom,,znR1xGJecQNfebzE8CWeYQYkgFBc,construction,linkedin.com/company/tyandco-electrical-limited,manchester,tyandco electrical limited,england,1-10,
united kingdom,2012,LJtEQtyzcamBVbxyxJVYSA0nnYwC,construction,linkedin.com/company/greenway-poole,bournemouth,greenway poole,england,11-50,greenwaypoole.co.uk
united kingdom,,8AUcqwscmTASxAtQWPVlWwWBFcNI,construction,linkedin.com/company/poseidon-bathrooms-limited,brierley hill,poseidon bathrooms limited,england,1-10,
united kingdom,,NF7OLOmwBSerx65KokakBwj9dUgt,construction,linkedin.com/company/abode-builders-ltd,huddersfield,abode builders ltd,england,11-50,theadobebuilders.com
united kingdom,,hKqmBBFspgsX6cGIsLCRGQYDvomh,construction,linkedin.com/company/paul-jacobson-interiors-ltd,london,paul jacobson interiors ltd,england,1-10,
united kingdom,,ahKCZPAeIUbPKQzzzIGE7Q2dBxQh,construction,linkedin.com/company/barnes-and-son-construction-ltd,minster-on-sea,barnes and son construction ltd,england,1-10,
united kingdom,,BLHYrtSkWjxVq7j63pAnugy0Hc4D,construction,linkedin.com/company/learning-landscapes-limited,otley,learning landscapes limited,england,1-10,learninglandscapes.ca
united kingdom,,D2lBPDlugD4FhrLUk8bqeAGlnVYi,construction,linkedin.com/company/glenwood-of-antrim,antrim,glenwood of antrim,northern ireland,1-10,glenwoodofantrim.co.uk
united kingdom,,ornkfiZ8U80iQpLgBZ9AvQ83jyN1,construction,linkedin.com/company/aps-window-company-bucks-limited,london,aps window company (bucks) limited,england,1-10,
united kingdom,,pFHNUCgczLNrk8FZzbcapgnAV7gt,construction,linkedin.com/company/chandler-hawkins-limited,portsmouth,chandler hawkins limited,england,1-10,chandlerhawkins.co.uk
united kingdom,,smZYjNkzBlkhQbH5uC2hYAmdm6sW,construction,linkedin.com/company/c-m-s-essex-limited,broomfield,c m s (essex) limited,england,1-10,
united kingdom,2015,IMQKBRojglBN5uy72D9N5Ar8kIqu,construction,linkedin.com/company/patsi-building-ltd,london,patsi building ltd,england,1-10,patsibuilding.wixsite.com/my-site-1
united kingdom,,5doCPvAxYrvNMGgCbnpcUgaT0sgS,construction,linkedin.com/company/ck-maintenance-ltd,shireoaks,ck maintenance ltd,england,11-50,ck1call.com
united kingdom,2011,iX2DHJUhUlHLevJTgNbPpgnBKxFC,construction,linkedin.com/company/rgj-construction-ltd,london,crescent construction,england,1-10,crescentconstructionltd.co.uk
united kingdom,,OquE5NCyRsKYA1u92WFLGwzcbnUg,construction,linkedin.com/company/conserv-utilities-ltd,bideford,conserv utilities ltd,england,1-10,
united kingdom,,DRczTmEboxTR1tzihXKcdASHmNZc,construction,linkedin.com/company/braeburn-estates-gp-limited,london,braeburn estates (gp) limited,england,1-10,
united kingdom,,RyK1LBvRSzHrLAn38SpJUQZTJtlk,construction,linkedin.com/company/richal-limited,londonderry,richal limited,northern ireland,1-10,
united kingdom,,iU56xmetfXCBSYgEY1p6ywmOzn3n,construction,linkedin.com/company/best-plumbers,woking,best plumbers,england,1-10,
united kingdom,,wTqsH0njhe2jtREm50mY6wPKwTxH,construction,linkedin.com/company/build-and-bloom-ltd,london,build and bloom ltd,england,1-10,
united kingdom,,bGAWFfINMDZC6XuOMRYW1AaCUM9d,construction,linkedin.com/company/austin-kelso-&-sons-limited,penrith,austin kelso & sons limited,england,1-10,austinkelso.co.uk
united kingdom,,QTUlzYXkPug0kXHpIkxyGgrLs031,construction,linkedin.com/company/tulip-construction-ltd,bradford,tulip construction ltd,england,11-50,
united kingdom,2011,fWnPmYUGv2QIghB7fzh78A9P5Se5,construction,linkedin.com/company/acres-building-consultants-limited,redhill,acres building consultants limited,england,1-10,acresbuildingconsultants.co.uk
united kingdom,2015,B9vWxpLb0TQlCGYjIqdMkQmOqKI8,construction,linkedin.com/company/tameside-pointing-ltd,manchester,tameside pointing ltd,england,1-10,manchesterpointingcontractors.co.uk
united kingdom,2008,jIAvdRhDRLgVClt8u9S0ugTjLK7W,construction,linkedin.com/company/brooks-construction-uk-limited,havant,brooks construction (uk) ltd,england,11-50,brooksconstruction.co.uk
united kingdom,,Z2YDsXOJvCh6NksKTlXERgLBOyZl,construction,linkedin.com/company/mrk-joinery-ltd,rotherham,mrk joinery ltd,england,1-10,
united kingdom,,lIKvQhFpuqW98GGnfZOdCQkwfkWz,construction,linkedin.com/company/hodgsoncom-limited,bognor regis,hodgsoncom limited,england,1-10,
united kingdom,,mLRMMQDbJbIAnfRk5B2q0Aw70cP0,construction,linkedin.com/company/m&j-electrical-ltd,wrecclesham,m&j electrical ltd,england,1-10,
united kingdom,,ojcjEmVdpqseVSFhhm6zqwdcgpuy,construction,linkedin.com/company/precise-decor-ltd,grays,precise decor ltd,england,1-10,precise-decor-ltd.business.site
united kingdom,,u59vEKoFkFwvAaUQ5zzP9gPOoQPf,construction,linkedin.com/company/gas-core-plumbing-limited,brightlingsea,gas core plumbing limited,england,1-10,
united kingdom,1969,KPC7Hv3BIvlmKpQKP5LaKwWNNN5g,construction,linkedin.com/company/wright-construction-durham-limited,stockton-on-tees,wright construction (durham) limited,england,1-10,
united kingdom,,vlg2Ej2DOraClYSWk4mYkwaDhaTP,construction,linkedin.com/company/e-&-j-waughman-limited,thundersley and south benfleet,e & j waughman limited,england,1-10,
united kingdom,,xgS5N3CASXsJjszFd0Q7AwFelkAM,construction,linkedin.com/company/flintshire-roofing,buckley,flintshire roofing,wales,1-10,flintshireroofing.com
united kingdom,2016,lI50eCtmCreEksBpqGBIaQmZneUa,construction,linkedin.com/company/altus-safety,london,altus safety,england,11-50,altussafety.com
united kingdom,,KHhYoBJ7jpNXuvWPPW2r7wdUAXUK,construction,linkedin.com/company/mackenzie-building-services-limited,,mackenzie building services limited,,1-10,
united kingdom,,6bY1O8sv9q8aUjByRHvoTAxxTxLH,construction,linkedin.com/company/a.-w.-plastering-essex-limited,basildon,a. w. plastering (essex) limited,england,1-10,
united kingdom,,ZBtlC8gPRobrRg9XbA4CJQ4jIUBi,construction,linkedin.com/company/thermal-roof-limited,southend,thermal roof limited,england,1-10,thermalroof.co.uk
united kingdom,,zG7jRAHacp4CCmXl7naoXAhZTenD,construction,linkedin.com/company/hewitt-joinery-ltd.,pitlochry,hewitt joinery ltd.,scotland,1-10,
united kingdom,,aBF4ZVjeG0EIGcWYUZFGxwGcedvh,construction,linkedin.com/company/beech-property-maintenance-limited,york,beech property maintenance limited,england,1-10,
united kingdom,,3W7BxpdWyP4JvghalC8PpgyL3lRn,construction,linkedin.com/company/kerrison-contracts-limited,london,kerrison contracts limited,england,1-10,k-c-l.co.uk
united kingdom,,CW1QydI2ysVSmfCiZ5TcOQVNhL4m,construction,linkedin.com/company/s-&-d-development-ltd,glasgow,s & d development ltd,scotland,1-10,
united kingdom,2006,NaufJJxR2Cu9AWNp3PrZswHO6bur,construction,linkedin.com/company/parkanaur-construction-limited,brentwood,parkanaur construction limited,england,1-10,
united kingdom,2014,XVP3vcPwZJCWdMo9RyOuqQ5v35ns,construction,linkedin.com/company/plaster-go-limited,milton keynes,plaster go limited,england,1-10,plastergo.co.uk
united kingdom,2014,rxtv4vVwbXiBpJISZfc0mAdCQ66V,construction,linkedin.com/company/mkg-construction-services-ltd,shepperton,mkg construction services ltd,england,1-10,
united kingdom,,S45i0jStqNH0lixXQLCcCwaTABhU,construction,linkedin.com/company/hubb-timber-frame-ltd,london,hubb timber frame ltd,england,1-10,hubbtimberframe.co.uk
united kingdom,,pWqNoqmsCJ01uvXhORDHyQC4xMms,construction,linkedin.com/company/sts-design-&-construction-pvt-ltd,luton,sts design & construction pvt ltd,england,1-10,
united kingdom,,TBduMSDoIxWSAIfE2odNjQzv4pr8,construction,linkedin.com/company/bourneford-limited,kent,bourneford limited,england,1-10,
united kingdom,,4T8l3pijUkIhTglBSAnH1wQp6hUW,construction,linkedin.com/company/leaks-plumbing-services-limited,leeds,leaks plumbing services limited,england,1-10,
united kingdom,,wtQxqdVdni8fsLjC4kFF3g8oHyd8,construction,linkedin.com/company/djr-linemarking-limited,chatham,djr linemarking limited,england,1-10,
united kingdom,2023,yntPrbBuzLEur5VDoAdCDwqqkgEF,construction,linkedin.com/company/buckleys-property-services-ltd,westhoughton,buckleys property services ltd,england,1-10,buckleyspropertyservices.co.uk
united kingdom,,4WsAOaCBuRU7XYnyByjCuwVHY4hb,construction,linkedin.com/company/agc-joinery-limited,lancashire,agc joinery limited,england,1-10,agcjoinery.co.uk
united kingdom,2015,WpGe2GuADbad2fZqPRjmuQHJAzrN,construction,linkedin.com/company/smart-britannia,westcliff-on-sea,smart britannia,england,1-10,smartbritannia.co.uk
united kingdom,,BuHo8gCr1idc33bwHbCQKQiS5b2x,construction,linkedin.com/company/va-&-sons-interiors-ltd,london,va & sons interiors ltd,england,1-10,
united kingdom,,sSBJnskYlFpYCBCnCIXQ4ghq7PZc,construction,linkedin.com/company/sw-engineering-services-limited,linton,sw engineering services limited,england,1-10,
united kingdom,,SC5HHtej0zcVGyfLorFzKwMNXemp,construction,linkedin.com/company/professional-home-improvements-uk-ltd,hitchin,professional home improvements (uk) ltd,england,1-10,
united kingdom,1978,EdnEhENwBWUhP8BmroF9WAO61Vty,construction,linkedin.com/company/fitzsimons-ltd,london,fitzsimons ltd,england,11-50,fitzsimons.co.uk
united kingdom,,5sSYEXrLsvEqtxxpKL5IQAwBKlbM,construction,linkedin.com/company/a-j-building-limited,essex,a j building limited,england,1-10,ajbuildingservicesltd.co.uk
united kingdom,,wwSXAuHsgCdH1lPZIIFCAgwWPq5s,construction,linkedin.com/company/4-walls-plastering,luton,4 walls plastering,england,1-10,4wallsplasteringhertsbeds.co.uk
united kingdom,,6ETWgK6TFqidVkGA3xDSRg3fQatr,construction,linkedin.com/company/pnp-cleaning-and-maintenance-ltd,london,pnp cleaning and maintenance ltd,england,1-10,
united kingdom,,DwesR1baFYBCJ5MkNvqx8QqksTl0,construction,linkedin.com/company/gary-fowlie-joinery-&-building-contractors-ltd.,huntly,gary fowlie (joinery & building contractors) ltd.,scotland,1-10,
united kingdom,,ELwU9ZNlH9FbcRWCbIo44wkB8Ci4,construction,linkedin.com/company/jordan-homes-limited,gosport,jordan homes limited,england,11-50,
united kingdom,,IqNwOIg2ECecPRwZVjqTOAp2EYUX,construction,linkedin.com/company/neil-moffat-roofing-limited,larbert,neil moffat roofing limited,scotland,1-10,
united kingdom,2002,IgIKpNHgWm8gR76mNZejnwdh90L6,construction,linkedin.com/company/k.-d.-j.-slade-and-sons-limited,newton abbot,k. d. j. slade and sons limited,england,1-10,
united kingdom,,qjEdlbuJzmHGvcl0xN1CiAxKlph1,construction,linkedin.com/company/jazera-trading-company-limited,london,jazera trading company limited,england,1-10,
united kingdom,,D0EbdLUCYBOi4WegCEacVQPTFn8h,construction,linkedin.com/company/mm-decorators-limited,oldham,mm decorators limited,england,1-10,
united kingdom,,4X12C8lRtpWblrhVKhUZqQ1QFPww,construction,linkedin.com/company/oliver-smith-electrical-limited,skipton,oliver smith electrical limited,england,1-10,
united kingdom,,JkuPdlNATXs8DhZfBqhZGAb2oSbX,construction,linkedin.com/company/edenbrook-developments-limited,warwickshire,edenbrook developments limited,england,1-10,
united kingdom,,WBZLYCCb0DG8LuVBe00mKw2mRCyv,construction,linkedin.com/company/rt-flooring-ltd,bristol,rt flooring ltd,england,1-10,
united kingdom,,DBB6hh5cf0e0tbGxJwdI4gOyaGQY,construction,linkedin.com/company/hobson-smith,stockton-on-tees,hobson smith,england,1-10,
united kingdom,,XtC6eBjNViXuO4Xb3NdPfAh54OXZ,construction,linkedin.com/company/construcville-limited,london,construcville limited,england,1-10,
